# Goxel 0.15.1
v -12 1 6 0.674510 0.635294 0.588235
v -11 1 6 0.674510 0.635294 0.588235
v -11 2 6 0.674510 0.635294 0.588235
v -12 2 6 0.674510 0.635294 0.588235
v -12 1 5 0.674510 0.635294 0.588235
v -11 1 5 0.674510 0.635294 0.588235
v -12 2 5 0.674510 0.635294 0.588235
v -10 1 6 0.674510 0.635294 0.588235
v -10 2 6 0.674510 0.635294 0.588235
v -10 1 5 0.674510 0.635294 0.588235
v -9 1 6 0.674510 0.635294 0.588235
v -9 2 6 0.674510 0.635294 0.588235
v -9 1 5 0.674510 0.635294 0.588235
v -8 1 6 0.674510 0.635294 0.588235
v -8 2 6 0.674510 0.635294 0.588235
v -8 1 5 0.674510 0.635294 0.588235
v -7 1 6 0.674510 0.635294 0.588235
v -7 2 6 0.674510 0.635294 0.588235
v -7 1 5 0.674510 0.635294 0.588235
v -6 1 6 0.674510 0.635294 0.588235
v -6 2 6 0.674510 0.635294 0.588235
v -6 1 5 0.674510 0.635294 0.588235
v -5 1 6 0.674510 0.635294 0.588235
v -5 2 6 0.674510 0.635294 0.588235
v -5 1 5 0.674510 0.635294 0.588235
v -4 1 6 0.674510 0.635294 0.588235
v -4 2 6 0.674510 0.635294 0.588235
v -4 1 5 0.674510 0.635294 0.588235
v -3 1 6 0.674510 0.635294 0.588235
v -3 2 6 0.674510 0.635294 0.588235
v -3 1 5 0.674510 0.635294 0.588235
v -2 1 6 0.674510 0.635294 0.588235
v -2 2 6 0.674510 0.635294 0.588235
v -2 1 5 0.674510 0.635294 0.588235
v -1 1 6 0.674510 0.635294 0.588235
v -1 2 6 0.674510 0.635294 0.588235
v -1 1 5 0.674510 0.635294 0.588235
v 0 1 6 0.674510 0.635294 0.588235
v 0 2 6 0.674510 0.635294 0.588235
v 0 1 5 0.674510 0.635294 0.588235
v -12 1 4 0.674510 0.635294 0.588235
v -11 1 4 0.674510 0.635294 0.588235
v -12 2 4 0.674510 0.635294 0.588235
v -10 1 4 0.674510 0.635294 0.588235
v -10 2 5 0.674510 0.635294 0.588235
v -10 2 4 0.674510 0.635294 0.588235
v -11 2 4 0.674510 0.635294 0.588235
v -11 2 5 0.674510 0.635294 0.588235
v -9 1 4 0.674510 0.635294 0.588235
v -9 2 5 0.674510 0.635294 0.588235
v -9 2 4 0.674510 0.635294 0.588235
v -8 1 4 0.674510 0.635294 0.588235
v -8 2 5 0.674510 0.635294 0.588235
v -8 2 4 0.674510 0.635294 0.588235
v -7 1 4 0.674510 0.635294 0.588235
v -7 2 5 0.674510 0.635294 0.588235
v -7 2 4 0.674510 0.635294 0.588235
v -6 1 4 0.674510 0.635294 0.588235
v -6 2 5 0.674510 0.635294 0.588235
v -6 2 4 0.674510 0.635294 0.588235
v -5 1 4 0.674510 0.635294 0.588235
v -5 2 5 0.674510 0.635294 0.588235
v -5 2 4 0.674510 0.635294 0.588235
v -4 1 4 0.674510 0.635294 0.588235
v -4 2 5 0.674510 0.635294 0.588235
v -4 2 4 0.674510 0.635294 0.588235
v -3 1 4 0.674510 0.635294 0.588235
v -3 2 5 0.674510 0.635294 0.588235
v -3 2 4 0.674510 0.635294 0.588235
v -2 1 4 0.674510 0.635294 0.588235
v -2 2 5 0.674510 0.635294 0.588235
v -2 2 4 0.674510 0.635294 0.588235
v -1 1 4 0.674510 0.635294 0.588235
v -1 2 5 0.674510 0.635294 0.588235
v -1 2 4 0.674510 0.635294 0.588235
v 0 1 4 0.674510 0.635294 0.588235
v 0 2 5 0.674510 0.635294 0.588235
v 0 2 4 0.674510 0.635294 0.588235
v -12 1 3 0.674510 0.635294 0.588235
v -11 1 3 0.674510 0.635294 0.588235
v -12 2 3 0.674510 0.635294 0.588235
v -10 1 3 0.674510 0.635294 0.588235
v -10 2 3 0.674510 0.635294 0.588235
v -11 2 3 0.674510 0.635294 0.588235
v -9 1 3 0.674510 0.635294 0.588235
v -9 2 3 0.674510 0.635294 0.588235
v -8 1 3 0.674510 0.635294 0.588235
v -8 2 3 0.674510 0.635294 0.588235
v -7 1 3 0.674510 0.635294 0.588235
v -7 2 3 0.674510 0.635294 0.588235
v -6 1 3 0.674510 0.635294 0.588235
v -6 2 3 0.674510 0.635294 0.588235
v -5 1 3 0.674510 0.635294 0.588235
v -5 2 3 0.674510 0.635294 0.588235
v -4 1 3 0.674510 0.635294 0.588235
v -4 2 3 0.674510 0.635294 0.588235
v -3 1 3 0.674510 0.635294 0.588235
v -3 2 3 0.674510 0.635294 0.588235
v -2 1 3 0.674510 0.635294 0.588235
v -2 2 3 0.674510 0.635294 0.588235
v -1 1 3 0.674510 0.635294 0.588235
v -1 2 3 0.674510 0.635294 0.588235
v 0 1 3 0.674510 0.635294 0.588235
v 0 2 3 0.674510 0.635294 0.588235
v -12 1 2 0.674510 0.635294 0.588235
v -11 1 2 0.674510 0.635294 0.588235
v -12 2 2 0.674510 0.635294 0.588235
v -10 1 2 0.674510 0.635294 0.588235
v -10 2 2 0.674510 0.635294 0.588235
v -11 2 2 0.674510 0.635294 0.588235
v -9 1 2 0.674510 0.635294 0.588235
v -9 2 2 0.674510 0.635294 0.588235
v -8 1 2 0.674510 0.635294 0.588235
v -8 2 2 0.674510 0.635294 0.588235
v -7 1 2 0.674510 0.635294 0.588235
v -7 2 2 0.674510 0.635294 0.588235
v -6 1 2 0.674510 0.635294 0.588235
v -6 2 2 0.674510 0.635294 0.588235
v -5 1 2 0.674510 0.635294 0.588235
v -5 2 2 0.674510 0.635294 0.588235
v -4 1 2 0.674510 0.635294 0.588235
v -4 2 2 0.674510 0.635294 0.588235
v -3 1 2 0.674510 0.635294 0.588235
v -3 2 2 0.674510 0.635294 0.588235
v -2 1 2 0.674510 0.635294 0.588235
v -2 2 2 0.674510 0.635294 0.588235
v -1 1 2 0.674510 0.635294 0.588235
v -1 2 2 0.674510 0.635294 0.588235
v 0 1 2 0.674510 0.635294 0.588235
v 0 2 2 0.674510 0.635294 0.588235
v -12 1 1 0.674510 0.635294 0.588235
v -11 1 1 0.674510 0.635294 0.588235
v -12 2 1 0.674510 0.635294 0.588235
v -10 1 1 0.674510 0.635294 0.588235
v -10 2 1 0.674510 0.635294 0.588235
v -11 2 1 0.674510 0.635294 0.588235
v -9 1 1 0.674510 0.635294 0.588235
v -9 2 1 0.674510 0.635294 0.588235
v -8 1 1 0.674510 0.635294 0.588235
v -8 2 1 0.674510 0.635294 0.588235
v -7 1 1 0.674510 0.635294 0.588235
v -7 2 1 0.674510 0.635294 0.588235
v -6 1 1 0.674510 0.635294 0.588235
v -6 2 1 0.674510 0.635294 0.588235
v -5 1 1 0.674510 0.635294 0.588235
v -5 2 1 0.674510 0.635294 0.588235
v -4 1 1 0.674510 0.635294 0.588235
v -4 2 1 0.674510 0.635294 0.588235
v -3 1 1 0.674510 0.635294 0.588235
v -3 2 1 0.674510 0.635294 0.588235
v -2 1 1 0.674510 0.635294 0.588235
v -2 2 1 0.674510 0.635294 0.588235
v -1 1 1 0.674510 0.635294 0.588235
v -1 2 1 0.674510 0.635294 0.588235
v 0 1 1 0.674510 0.635294 0.588235
v 0 2 1 0.674510 0.635294 0.588235
v -12 1 0 0.674510 0.635294 0.588235
v -11 1 0 0.674510 0.635294 0.588235
v -12 2 0 0.674510 0.635294 0.588235
v -10 1 0 0.674510 0.635294 0.588235
v -10 2 0 0.674510 0.635294 0.588235
v -11 2 0 0.674510 0.635294 0.588235
v -9 1 0 0.674510 0.635294 0.588235
v -9 2 0 0.674510 0.635294 0.588235
v -8 1 0 0.674510 0.635294 0.588235
v -8 2 0 0.674510 0.635294 0.588235
v -7 1 0 0.674510 0.635294 0.588235
v -7 2 0 0.674510 0.635294 0.588235
v -6 1 0 0.674510 0.635294 0.588235
v -6 2 0 0.674510 0.635294 0.588235
v -5 1 0 0.674510 0.635294 0.588235
v -5 2 0 0.674510 0.635294 0.588235
v -4 1 0 0.674510 0.635294 0.588235
v -4 2 0 0.674510 0.635294 0.588235
v -3 1 0 0.674510 0.635294 0.588235
v -3 2 0 0.674510 0.635294 0.588235
v -2 1 0 0.674510 0.635294 0.588235
v -2 2 0 0.674510 0.635294 0.588235
v -1 1 0 0.674510 0.635294 0.588235
v -1 2 0 0.674510 0.635294 0.588235
v 0 1 0 0.674510 0.635294 0.588235
v 0 2 0 0.674510 0.635294 0.588235
v -12 2 6 0.784314 0.784314 0.823529
v -11 2 6 0.784314 0.784314 0.823529
v -11 3 6 0.784314 0.784314 0.823529
v -12 3 6 0.784314 0.784314 0.823529
v -12 3 5 0.784314 0.784314 0.823529
v -12 2 5 0.784314 0.784314 0.823529
v -10 2 6 0.784314 0.784314 0.823529
v -10 3 6 0.784314 0.784314 0.823529
v -10 2 5 0.784314 0.784314 0.823529
v -11 2 5 0.784314 0.784314 0.823529
v -11 3 5 0.784314 0.784314 0.823529
v -10 3 5 0.784314 0.784314 0.823529
v -9 2 6 0.784314 0.784314 0.823529
v -9 3 6 0.784314 0.784314 0.823529
v -9 2 5 0.784314 0.784314 0.823529
v -9 3 5 0.784314 0.784314 0.823529
v -8 2 6 0.784314 0.784314 0.823529
v -8 3 6 0.784314 0.784314 0.823529
v -8 2 5 0.784314 0.784314 0.823529
v -8 3 5 0.784314 0.784314 0.823529
v -7 2 6 0.784314 0.784314 0.823529
v -7 3 6 0.784314 0.784314 0.823529
v -7 2 5 0.784314 0.784314 0.823529
v -7 3 5 0.784314 0.784314 0.823529
v -6 2 6 0.784314 0.784314 0.823529
v -6 3 6 0.784314 0.784314 0.823529
v -6 2 5 0.784314 0.784314 0.823529
v -6 3 5 0.784314 0.784314 0.823529
v -5 2 6 0.784314 0.784314 0.823529
v -5 3 6 0.784314 0.784314 0.823529
v -5 2 5 0.784314 0.784314 0.823529
v -5 3 5 0.784314 0.784314 0.823529
v -4 2 6 0.784314 0.784314 0.823529
v -4 3 6 0.784314 0.784314 0.823529
v -4 2 5 0.784314 0.784314 0.823529
v -4 3 5 0.784314 0.784314 0.823529
v -3 2 6 0.784314 0.784314 0.823529
v -3 3 6 0.784314 0.784314 0.823529
v -3 2 5 0.784314 0.784314 0.823529
v -3 3 5 0.784314 0.784314 0.823529
v -2 2 6 0.784314 0.784314 0.823529
v -2 3 6 0.784314 0.784314 0.823529
v -2 2 5 0.784314 0.784314 0.823529
v -2 3 5 0.784314 0.784314 0.823529
v -1 2 6 0.784314 0.784314 0.823529
v -1 3 6 0.784314 0.784314 0.823529
v -1 2 5 0.784314 0.784314 0.823529
v -1 3 5 0.784314 0.784314 0.823529
v 0 2 6 0.784314 0.784314 0.823529
v 0 3 6 0.784314 0.784314 0.823529
v 0 2 5 0.784314 0.784314 0.823529
v 0 3 5 0.784314 0.784314 0.823529
v -11 2 4 0.784314 0.784314 0.823529
v -11 3 4 0.784314 0.784314 0.823529
v -12 3 4 0.784314 0.784314 0.823529
v -12 2 4 0.784314 0.784314 0.823529
v -11 2 3 0.784314 0.784314 0.823529
v -11 3 3 0.784314 0.784314 0.823529
v -12 3 3 0.784314 0.784314 0.823529
v -12 2 3 0.784314 0.784314 0.823529
v -11 2 2 0.784314 0.784314 0.823529
v -11 3 2 0.784314 0.784314 0.823529
v -12 3 2 0.784314 0.784314 0.823529
v -12 2 2 0.784314 0.784314 0.823529
v -11 2 1 0.784314 0.784314 0.823529
v -11 3 1 0.784314 0.784314 0.823529
v -12 3 1 0.784314 0.784314 0.823529
v -12 2 1 0.784314 0.784314 0.823529
v -11 2 0 0.784314 0.784314 0.823529
v -11 3 0 0.784314 0.784314 0.823529
v -12 3 0 0.784314 0.784314 0.823529
v -12 2 0 0.784314 0.784314 0.823529
v -11 4 6 0.784314 0.784314 0.823529
v -12 4 6 0.784314 0.784314 0.823529
v -12 4 5 0.784314 0.784314 0.823529
v -10 4 6 0.784314 0.784314 0.823529
v -11 4 5 0.784314 0.784314 0.823529
v -10 4 5 0.784314 0.784314 0.823529
v -9 4 6 0.784314 0.784314 0.823529
v -9 4 5 0.784314 0.784314 0.823529
v -8 4 6 0.784314 0.784314 0.823529
v -8 4 5 0.784314 0.784314 0.823529
v -7 4 6 0.784314 0.784314 0.823529
v -7 4 5 0.784314 0.784314 0.823529
v -6 4 6 0.784314 0.784314 0.823529
v -6 4 5 0.784314 0.784314 0.823529
v -5 4 6 0.784314 0.784314 0.823529
v -5 4 5 0.784314 0.784314 0.823529
v -4 4 6 0.784314 0.784314 0.823529
v -4 4 5 0.784314 0.784314 0.823529
v -3 4 6 0.784314 0.784314 0.823529
v -3 4 5 0.784314 0.784314 0.823529
v -2 4 6 0.784314 0.784314 0.823529
v -2 4 5 0.784314 0.784314 0.823529
v -1 4 6 0.784314 0.784314 0.823529
v -1 4 5 0.784314 0.784314 0.823529
v 0 4 6 0.784314 0.784314 0.823529
v 0 4 5 0.784314 0.784314 0.823529
v -11 4 4 0.784314 0.784314 0.823529
v -12 4 4 0.784314 0.784314 0.823529
v -11 4 3 0.784314 0.784314 0.823529
v -12 4 3 0.784314 0.784314 0.823529
v -11 4 2 0.784314 0.784314 0.823529
v -12 4 2 0.784314 0.784314 0.823529
v -11 4 1 0.784314 0.784314 0.823529
v -12 4 1 0.784314 0.784314 0.823529
v -11 4 0 0.784314 0.784314 0.823529
v -12 4 0 0.784314 0.784314 0.823529
v -11 5 6 0.784314 0.784314 0.823529
v -12 5 6 0.784314 0.784314 0.823529
v -12 5 5 0.784314 0.784314 0.823529
v -10 5 6 0.784314 0.784314 0.823529
v -11 5 5 0.784314 0.784314 0.823529
v -10 5 5 0.784314 0.784314 0.823529
v -9 5 6 0.784314 0.784314 0.823529
v -9 5 5 0.784314 0.784314 0.823529
v -8 5 6 0.784314 0.784314 0.823529
v -8 5 5 0.784314 0.784314 0.823529
v -7 5 6 0.784314 0.784314 0.823529
v -7 5 5 0.784314 0.784314 0.823529
v -6 5 6 0.784314 0.784314 0.823529
v -6 5 5 0.784314 0.784314 0.823529
v -5 5 6 0.784314 0.784314 0.823529
v -5 5 5 0.784314 0.784314 0.823529
v -4 5 6 0.784314 0.784314 0.823529
v -4 5 5 0.784314 0.784314 0.823529
v -3 5 6 0.784314 0.784314 0.823529
v -3 5 5 0.784314 0.784314 0.823529
v -2 5 6 0.784314 0.784314 0.823529
v -2 5 5 0.784314 0.784314 0.823529
v -1 5 6 0.784314 0.784314 0.823529
v -1 5 5 0.784314 0.784314 0.823529
v 0 5 6 0.784314 0.784314 0.823529
v 0 5 5 0.784314 0.784314 0.823529
v -11 5 4 0.784314 0.784314 0.823529
v -12 5 4 0.784314 0.784314 0.823529
v -11 5 3 0.784314 0.784314 0.823529
v -12 5 3 0.784314 0.784314 0.823529
v -11 5 2 0.784314 0.784314 0.823529
v -12 5 2 0.784314 0.784314 0.823529
v -11 5 1 0.784314 0.784314 0.823529
v -12 5 1 0.784314 0.784314 0.823529
v -11 5 0 0.784314 0.784314 0.823529
v -12 5 0 0.784314 0.784314 0.823529
v -11 6 6 0.784314 0.784314 0.823529
v -12 6 6 0.784314 0.784314 0.823529
v -12 6 5 0.784314 0.784314 0.823529
v -10 6 6 0.784314 0.784314 0.823529
v -11 6 5 0.784314 0.784314 0.823529
v -10 6 5 0.784314 0.784314 0.823529
v -9 6 6 0.784314 0.784314 0.823529
v -9 6 5 0.784314 0.784314 0.823529
v -8 6 6 0.784314 0.784314 0.823529
v -8 6 5 0.784314 0.784314 0.823529
v -7 6 6 0.784314 0.784314 0.823529
v -7 6 5 0.784314 0.784314 0.823529
v -6 6 6 0.784314 0.784314 0.823529
v -6 6 5 0.784314 0.784314 0.823529
v -5 6 6 0.784314 0.784314 0.823529
v -5 6 5 0.784314 0.784314 0.823529
v -4 6 6 0.784314 0.784314 0.823529
v -4 6 5 0.784314 0.784314 0.823529
v -3 6 6 0.784314 0.784314 0.823529
v -3 6 5 0.784314 0.784314 0.823529
v -2 6 6 0.784314 0.784314 0.823529
v -2 6 5 0.784314 0.784314 0.823529
v -1 6 6 0.784314 0.784314 0.823529
v -1 6 5 0.784314 0.784314 0.823529
v 0 6 6 0.784314 0.784314 0.823529
v 0 6 5 0.784314 0.784314 0.823529
v -11 6 4 0.784314 0.784314 0.823529
v -12 6 4 0.784314 0.784314 0.823529
v -11 6 3 0.784314 0.784314 0.823529
v -12 6 3 0.784314 0.784314 0.823529
v -11 6 2 0.784314 0.784314 0.823529
v -12 6 2 0.784314 0.784314 0.823529
v -11 6 1 0.784314 0.784314 0.823529
v -12 6 1 0.784314 0.784314 0.823529
v -11 6 0 0.784314 0.784314 0.823529
v -12 6 0 0.784314 0.784314 0.823529
v -11 7 6 0.784314 0.784314 0.823529
v -12 7 6 0.784314 0.784314 0.823529
v -12 7 5 0.784314 0.784314 0.823529
v -10 7 6 0.784314 0.784314 0.823529
v -11 7 5 0.784314 0.784314 0.823529
v -10 7 5 0.784314 0.784314 0.823529
v -9 7 6 0.784314 0.784314 0.823529
v -9 7 5 0.784314 0.784314 0.823529
v -8 7 6 0.784314 0.784314 0.823529
v -8 7 5 0.784314 0.784314 0.823529
v -7 7 6 0.784314 0.784314 0.823529
v -7 7 5 0.784314 0.784314 0.823529
v -6 7 6 0.784314 0.784314 0.823529
v -6 7 5 0.784314 0.784314 0.823529
v -5 7 6 0.784314 0.784314 0.823529
v -5 7 5 0.784314 0.784314 0.823529
v -4 7 6 0.784314 0.784314 0.823529
v -4 7 5 0.784314 0.784314 0.823529
v -3 7 6 0.784314 0.784314 0.823529
v -3 7 5 0.784314 0.784314 0.823529
v -2 7 6 0.784314 0.784314 0.823529
v -2 7 5 0.784314 0.784314 0.823529
v -1 7 6 0.784314 0.784314 0.823529
v -1 7 5 0.784314 0.784314 0.823529
v 0 7 6 0.784314 0.784314 0.823529
v 0 7 5 0.784314 0.784314 0.823529
v -11 7 4 0.784314 0.784314 0.823529
v -12 7 4 0.784314 0.784314 0.823529
v -11 7 3 0.784314 0.784314 0.823529
v -12 7 3 0.784314 0.784314 0.823529
v -11 7 2 0.784314 0.784314 0.823529
v -12 7 2 0.784314 0.784314 0.823529
v -11 7 1 0.784314 0.784314 0.823529
v -12 7 1 0.784314 0.784314 0.823529
v -11 7 0 0.784314 0.784314 0.823529
v -12 7 0 0.784314 0.784314 0.823529
v -11 8 6 0.784314 0.784314 0.823529
v -12 8 6 0.784314 0.784314 0.823529
v -12 8 5 0.784314 0.784314 0.823529
v -10 8 6 0.784314 0.784314 0.823529
v -11 8 5 0.784314 0.784314 0.823529
v -10 8 5 0.784314 0.784314 0.823529
v -9 8 6 0.784314 0.784314 0.823529
v -9 8 5 0.784314 0.784314 0.823529
v -8 8 6 0.784314 0.784314 0.823529
v -8 8 5 0.784314 0.784314 0.823529
v -7 8 6 0.784314 0.784314 0.823529
v -7 8 5 0.784314 0.784314 0.823529
v -6 8 6 0.784314 0.784314 0.823529
v -6 8 5 0.784314 0.784314 0.823529
v -5 8 6 0.784314 0.784314 0.823529
v -5 8 5 0.784314 0.784314 0.823529
v -4 8 6 0.784314 0.784314 0.823529
v -4 8 5 0.784314 0.784314 0.823529
v -3 8 6 0.784314 0.784314 0.823529
v -3 8 5 0.784314 0.784314 0.823529
v -2 8 6 0.784314 0.784314 0.823529
v -2 8 5 0.784314 0.784314 0.823529
v -1 8 6 0.784314 0.784314 0.823529
v -1 8 5 0.784314 0.784314 0.823529
v 0 8 6 0.784314 0.784314 0.823529
v 0 8 5 0.784314 0.784314 0.823529
v -11 8 4 0.784314 0.784314 0.823529
v -12 8 4 0.784314 0.784314 0.823529
v -11 8 3 0.784314 0.784314 0.823529
v -12 8 3 0.784314 0.784314 0.823529
v -11 8 2 0.784314 0.784314 0.823529
v -12 8 2 0.784314 0.784314 0.823529
v -11 8 1 0.784314 0.784314 0.823529
v -12 8 1 0.784314 0.784314 0.823529
v -11 8 0 0.784314 0.784314 0.823529
v -12 8 0 0.784314 0.784314 0.823529
v -11 9 6 0.784314 0.784314 0.823529
v -12 9 6 0.784314 0.784314 0.823529
v -12 9 5 0.784314 0.784314 0.823529
v -10 9 6 0.784314 0.784314 0.823529
v -11 9 5 0.784314 0.784314 0.823529
v -10 9 5 0.784314 0.784314 0.823529
v -9 9 6 0.784314 0.784314 0.823529
v -9 9 5 0.784314 0.784314 0.823529
v -8 9 6 0.784314 0.784314 0.823529
v -8 9 5 0.784314 0.784314 0.823529
v -7 9 6 0.784314 0.784314 0.823529
v -7 9 5 0.784314 0.784314 0.823529
v -6 9 6 0.784314 0.784314 0.823529
v -6 9 5 0.784314 0.784314 0.823529
v -5 9 6 0.784314 0.784314 0.823529
v -5 9 5 0.784314 0.784314 0.823529
v -4 9 6 0.784314 0.784314 0.823529
v -4 9 5 0.784314 0.784314 0.823529
v -3 9 6 0.784314 0.784314 0.823529
v -3 9 5 0.784314 0.784314 0.823529
v -2 9 6 0.784314 0.784314 0.823529
v -2 9 5 0.784314 0.784314 0.823529
v -1 9 6 0.784314 0.784314 0.823529
v -1 9 5 0.784314 0.784314 0.823529
v 0 9 6 0.784314 0.784314 0.823529
v 0 9 5 0.784314 0.784314 0.823529
v -11 9 4 0.784314 0.784314 0.823529
v -12 9 4 0.784314 0.784314 0.823529
v -11 9 3 0.784314 0.784314 0.823529
v -12 9 3 0.784314 0.784314 0.823529
v -11 9 2 0.784314 0.784314 0.823529
v -12 9 2 0.784314 0.784314 0.823529
v -11 9 1 0.784314 0.784314 0.823529
v -12 9 1 0.784314 0.784314 0.823529
v -11 9 0 0.784314 0.784314 0.823529
v -12 9 0 0.784314 0.784314 0.823529
v -11 10 6 0.784314 0.784314 0.823529
v -12 10 6 0.784314 0.784314 0.823529
v -12 10 5 0.784314 0.784314 0.823529
v -10 10 6 0.784314 0.784314 0.823529
v -11 10 5 0.784314 0.784314 0.823529
v -10 10 5 0.784314 0.784314 0.823529
v -9 10 6 0.784314 0.784314 0.823529
v -9 10 5 0.784314 0.784314 0.823529
v -8 10 6 0.784314 0.784314 0.823529
v -8 10 5 0.784314 0.784314 0.823529
v -7 10 6 0.784314 0.784314 0.823529
v -7 10 5 0.784314 0.784314 0.823529
v -6 10 6 0.784314 0.784314 0.823529
v -6 10 5 0.784314 0.784314 0.823529
v -5 10 6 0.784314 0.784314 0.823529
v -5 10 5 0.784314 0.784314 0.823529
v -4 10 6 0.784314 0.784314 0.823529
v -4 10 5 0.784314 0.784314 0.823529
v -3 10 6 0.784314 0.784314 0.823529
v -3 10 5 0.784314 0.784314 0.823529
v -2 10 6 0.784314 0.784314 0.823529
v -2 10 5 0.784314 0.784314 0.823529
v -1 10 6 0.784314 0.784314 0.823529
v -1 10 5 0.784314 0.784314 0.823529
v 0 10 6 0.784314 0.784314 0.823529
v 0 10 5 0.784314 0.784314 0.823529
v -11 10 4 0.784314 0.784314 0.823529
v -12 10 4 0.784314 0.784314 0.823529
v -11 10 3 0.784314 0.784314 0.823529
v -12 10 3 0.784314 0.784314 0.823529
v -11 10 2 0.784314 0.784314 0.823529
v -12 10 2 0.784314 0.784314 0.823529
v -11 10 1 0.784314 0.784314 0.823529
v -12 10 1 0.784314 0.784314 0.823529
v -11 10 0 0.784314 0.784314 0.823529
v -12 10 0 0.784314 0.784314 0.823529
v -11 11 6 0.784314 0.784314 0.823529
v -12 11 6 0.784314 0.784314 0.823529
v -12 11 5 0.784314 0.784314 0.823529
v -10 11 6 0.784314 0.784314 0.823529
v -11 11 5 0.784314 0.784314 0.823529
v -10 11 5 0.784314 0.784314 0.823529
v -9 11 6 0.784314 0.784314 0.823529
v -9 11 5 0.784314 0.784314 0.823529
v -8 11 6 0.784314 0.784314 0.823529
v -8 11 5 0.784314 0.784314 0.823529
v -7 11 6 0.784314 0.784314 0.823529
v -7 11 5 0.784314 0.784314 0.823529
v -6 11 6 0.784314 0.784314 0.823529
v -6 11 5 0.784314 0.784314 0.823529
v -5 11 6 0.784314 0.784314 0.823529
v -5 11 5 0.784314 0.784314 0.823529
v -4 11 6 0.784314 0.784314 0.823529
v -4 11 5 0.784314 0.784314 0.823529
v -3 11 6 0.784314 0.784314 0.823529
v -3 11 5 0.784314 0.784314 0.823529
v -2 11 6 0.784314 0.784314 0.823529
v -2 11 5 0.784314 0.784314 0.823529
v -1 11 6 0.784314 0.784314 0.823529
v -1 11 5 0.784314 0.784314 0.823529
v 0 11 6 0.784314 0.784314 0.823529
v 0 11 5 0.784314 0.784314 0.823529
v -11 11 4 0.784314 0.784314 0.823529
v -12 11 4 0.784314 0.784314 0.823529
v -11 11 3 0.784314 0.784314 0.823529
v -12 11 3 0.784314 0.784314 0.823529
v -11 11 2 0.784314 0.784314 0.823529
v -12 11 2 0.784314 0.784314 0.823529
v -11 11 1 0.784314 0.784314 0.823529
v -12 11 1 0.784314 0.784314 0.823529
v -11 11 0 0.784314 0.784314 0.823529
v -12 11 0 0.784314 0.784314 0.823529
v -11 12 6 0.784314 0.784314 0.823529
v -12 12 6 0.784314 0.784314 0.823529
v -12 12 5 0.784314 0.784314 0.823529
v -10 12 6 0.784314 0.784314 0.823529
v -11 12 5 0.784314 0.784314 0.823529
v -10 12 5 0.784314 0.784314 0.823529
v -9 12 6 0.784314 0.784314 0.823529
v -9 12 5 0.784314 0.784314 0.823529
v -8 12 6 0.784314 0.784314 0.823529
v -8 12 5 0.784314 0.784314 0.823529
v -7 12 6 0.784314 0.784314 0.823529
v -7 12 5 0.784314 0.784314 0.823529
v -6 12 6 0.784314 0.784314 0.823529
v -6 12 5 0.784314 0.784314 0.823529
v -5 12 6 0.784314 0.784314 0.823529
v -5 12 5 0.784314 0.784314 0.823529
v -4 12 6 0.784314 0.784314 0.823529
v -4 12 5 0.784314 0.784314 0.823529
v -3 12 6 0.784314 0.784314 0.823529
v -3 12 5 0.784314 0.784314 0.823529
v -2 12 6 0.784314 0.784314 0.823529
v -2 12 5 0.784314 0.784314 0.823529
v -1 12 6 0.784314 0.784314 0.823529
v -1 12 5 0.784314 0.784314 0.823529
v 0 12 6 0.784314 0.784314 0.823529
v 0 12 5 0.784314 0.784314 0.823529
v -11 12 4 0.784314 0.784314 0.823529
v -12 12 4 0.784314 0.784314 0.823529
v -11 12 3 0.784314 0.784314 0.823529
v -12 12 3 0.784314 0.784314 0.823529
v -11 12 2 0.784314 0.784314 0.823529
v -12 12 2 0.784314 0.784314 0.823529
v -11 12 1 0.784314 0.784314 0.823529
v -12 12 1 0.784314 0.784314 0.823529
v -11 12 0 0.784314 0.784314 0.823529
v -12 12 0 0.784314 0.784314 0.823529
v -12 12 6 0.882353 0.894118 0.921569
v -11 12 6 0.882353 0.894118 0.921569
v -11 13 6 0.882353 0.894118 0.921569
v -12 13 6 0.882353 0.894118 0.921569
v -11 13 5 0.882353 0.894118 0.921569
v -12 13 5 0.882353 0.894118 0.921569
v -12 12 5 0.882353 0.894118 0.921569
v -10 12 6 0.882353 0.894118 0.921569
v -10 13 6 0.882353 0.894118 0.921569
v -10 13 5 0.882353 0.894118 0.921569
v -9 12 6 0.882353 0.894118 0.921569
v -9 13 6 0.882353 0.894118 0.921569
v -9 13 5 0.882353 0.894118 0.921569
v -8 12 6 0.882353 0.894118 0.921569
v -8 13 6 0.882353 0.894118 0.921569
v -8 13 5 0.882353 0.894118 0.921569
v -7 12 6 0.882353 0.894118 0.921569
v -7 13 6 0.882353 0.894118 0.921569
v -7 13 5 0.882353 0.894118 0.921569
v -6 12 6 0.882353 0.894118 0.921569
v -6 13 6 0.882353 0.894118 0.921569
v -6 13 5 0.882353 0.894118 0.921569
v -5 12 6 0.882353 0.894118 0.921569
v -5 13 6 0.882353 0.894118 0.921569
v -5 13 5 0.882353 0.894118 0.921569
v -4 12 6 0.882353 0.894118 0.921569
v -4 13 6 0.882353 0.894118 0.921569
v -4 13 5 0.882353 0.894118 0.921569
v -3 12 6 0.882353 0.894118 0.921569
v -3 13 6 0.882353 0.894118 0.921569
v -3 13 5 0.882353 0.894118 0.921569
v -2 12 6 0.882353 0.894118 0.921569
v -2 13 6 0.882353 0.894118 0.921569
v -2 13 5 0.882353 0.894118 0.921569
v -1 12 6 0.882353 0.894118 0.921569
v -1 13 6 0.882353 0.894118 0.921569
v -1 13 5 0.882353 0.894118 0.921569
v 0 12 6 0.882353 0.894118 0.921569
v 0 13 6 0.882353 0.894118 0.921569
v 0 13 5 0.882353 0.894118 0.921569
v -11 13 4 0.882353 0.894118 0.921569
v -12 13 4 0.882353 0.894118 0.921569
v -12 12 4 0.882353 0.894118 0.921569
v -11 12 5 0.882353 0.894118 0.921569
v -11 12 4 0.882353 0.894118 0.921569
v -10 12 4 0.882353 0.894118 0.921569
v -10 12 5 0.882353 0.894118 0.921569
v -10 13 4 0.882353 0.894118 0.921569
v -9 12 4 0.882353 0.894118 0.921569
v -9 12 5 0.882353 0.894118 0.921569
v -9 13 4 0.882353 0.894118 0.921569
v -8 12 4 0.882353 0.894118 0.921569
v -8 12 5 0.882353 0.894118 0.921569
v -8 13 4 0.882353 0.894118 0.921569
v -7 12 4 0.882353 0.894118 0.921569
v -7 12 5 0.882353 0.894118 0.921569
v -7 13 4 0.882353 0.894118 0.921569
v -6 12 4 0.882353 0.894118 0.921569
v -6 12 5 0.882353 0.894118 0.921569
v -6 13 4 0.882353 0.894118 0.921569
v -5 12 4 0.882353 0.894118 0.921569
v -5 12 5 0.882353 0.894118 0.921569
v -5 13 4 0.882353 0.894118 0.921569
v -4 12 4 0.882353 0.894118 0.921569
v -4 12 5 0.882353 0.894118 0.921569
v -4 13 4 0.882353 0.894118 0.921569
v -3 12 4 0.882353 0.894118 0.921569
v -3 12 5 0.882353 0.894118 0.921569
v -3 13 4 0.882353 0.894118 0.921569
v -2 12 4 0.882353 0.894118 0.921569
v -2 12 5 0.882353 0.894118 0.921569
v -2 13 4 0.882353 0.894118 0.921569
v -1 12 4 0.882353 0.894118 0.921569
v -1 12 5 0.882353 0.894118 0.921569
v -1 13 4 0.882353 0.894118 0.921569
v 0 12 4 0.882353 0.894118 0.921569
v 0 12 5 0.882353 0.894118 0.921569
v 0 13 4 0.882353 0.894118 0.921569
v -11 13 3 0.882353 0.894118 0.921569
v -12 13 3 0.882353 0.894118 0.921569
v -12 12 3 0.882353 0.894118 0.921569
v -11 12 3 0.882353 0.894118 0.921569
v -10 12 3 0.882353 0.894118 0.921569
v -10 13 3 0.882353 0.894118 0.921569
v -9 12 3 0.882353 0.894118 0.921569
v -9 13 3 0.882353 0.894118 0.921569
v -8 12 3 0.882353 0.894118 0.921569
v -8 13 3 0.882353 0.894118 0.921569
v -7 12 3 0.882353 0.894118 0.921569
v -7 13 3 0.882353 0.894118 0.921569
v -6 12 3 0.882353 0.894118 0.921569
v -6 13 3 0.882353 0.894118 0.921569
v -5 12 3 0.882353 0.894118 0.921569
v -5 13 3 0.882353 0.894118 0.921569
v -4 12 3 0.882353 0.894118 0.921569
v -4 13 3 0.882353 0.894118 0.921569
v -3 12 3 0.882353 0.894118 0.921569
v -3 13 3 0.882353 0.894118 0.921569
v -2 12 3 0.882353 0.894118 0.921569
v -2 13 3 0.882353 0.894118 0.921569
v -1 12 3 0.882353 0.894118 0.921569
v -1 13 3 0.882353 0.894118 0.921569
v 0 12 3 0.882353 0.894118 0.921569
v 0 13 3 0.882353 0.894118 0.921569
v -11 13 2 0.882353 0.894118 0.921569
v -12 13 2 0.882353 0.894118 0.921569
v -12 12 2 0.882353 0.894118 0.921569
v -11 12 2 0.882353 0.894118 0.921569
v -10 12 2 0.882353 0.894118 0.921569
v -10 13 2 0.882353 0.894118 0.921569
v -9 12 2 0.882353 0.894118 0.921569
v -9 13 2 0.882353 0.894118 0.921569
v -8 12 2 0.882353 0.894118 0.921569
v -8 13 2 0.882353 0.894118 0.921569
v -7 12 2 0.882353 0.894118 0.921569
v -7 13 2 0.882353 0.894118 0.921569
v -6 12 2 0.882353 0.894118 0.921569
v -6 13 2 0.882353 0.894118 0.921569
v -5 12 2 0.882353 0.894118 0.921569
v -5 13 2 0.882353 0.894118 0.921569
v -4 12 2 0.882353 0.894118 0.921569
v -4 13 2 0.882353 0.894118 0.921569
v -3 12 2 0.882353 0.894118 0.921569
v -3 13 2 0.882353 0.894118 0.921569
v -2 12 2 0.882353 0.894118 0.921569
v -2 13 2 0.882353 0.894118 0.921569
v -1 12 2 0.882353 0.894118 0.921569
v -1 13 2 0.882353 0.894118 0.921569
v 0 12 2 0.882353 0.894118 0.921569
v 0 13 2 0.882353 0.894118 0.921569
v -11 13 1 0.882353 0.894118 0.921569
v -12 13 1 0.882353 0.894118 0.921569
v -12 12 1 0.882353 0.894118 0.921569
v -11 12 1 0.882353 0.894118 0.921569
v -10 12 1 0.882353 0.894118 0.921569
v -10 13 1 0.882353 0.894118 0.921569
v -9 12 1 0.882353 0.894118 0.921569
v -9 13 1 0.882353 0.894118 0.921569
v -8 12 1 0.882353 0.894118 0.921569
v -8 13 1 0.882353 0.894118 0.921569
v -7 12 1 0.882353 0.894118 0.921569
v -7 13 1 0.882353 0.894118 0.921569
v -6 12 1 0.882353 0.894118 0.921569
v -6 13 1 0.882353 0.894118 0.921569
v -5 12 1 0.882353 0.894118 0.921569
v -5 13 1 0.882353 0.894118 0.921569
v -4 12 1 0.882353 0.894118 0.921569
v -4 13 1 0.882353 0.894118 0.921569
v -3 12 1 0.882353 0.894118 0.921569
v -3 13 1 0.882353 0.894118 0.921569
v -2 12 1 0.882353 0.894118 0.921569
v -2 13 1 0.882353 0.894118 0.921569
v -1 12 1 0.882353 0.894118 0.921569
v -1 13 1 0.882353 0.894118 0.921569
v 0 12 1 0.882353 0.894118 0.921569
v 0 13 1 0.882353 0.894118 0.921569
v -11 13 0 0.882353 0.894118 0.921569
v -12 13 0 0.882353 0.894118 0.921569
v -12 12 0 0.882353 0.894118 0.921569
v -11 12 0 0.882353 0.894118 0.921569
v -10 12 0 0.882353 0.894118 0.921569
v -10 13 0 0.882353 0.894118 0.921569
v -9 12 0 0.882353 0.894118 0.921569
v -9 13 0 0.882353 0.894118 0.921569
v -8 12 0 0.882353 0.894118 0.921569
v -8 13 0 0.882353 0.894118 0.921569
v -7 12 0 0.882353 0.894118 0.921569
v -7 13 0 0.882353 0.894118 0.921569
v -6 12 0 0.882353 0.894118 0.921569
v -6 13 0 0.882353 0.894118 0.921569
v -5 12 0 0.882353 0.894118 0.921569
v -5 13 0 0.882353 0.894118 0.921569
v -4 12 0 0.882353 0.894118 0.921569
v -4 13 0 0.882353 0.894118 0.921569
v -3 12 0 0.882353 0.894118 0.921569
v -3 13 0 0.882353 0.894118 0.921569
v -2 12 0 0.882353 0.894118 0.921569
v -2 13 0 0.882353 0.894118 0.921569
v -1 12 0 0.882353 0.894118 0.921569
v -1 13 0 0.882353 0.894118 0.921569
v 0 12 0 0.882353 0.894118 0.921569
v 0 13 0 0.882353 0.894118 0.921569
v 1 1 6 0.674510 0.635294 0.588235
v 1 2 6 0.674510 0.635294 0.588235
v 1 1 5 0.674510 0.635294 0.588235
v 2 1 6 0.674510 0.635294 0.588235
v 2 2 6 0.674510 0.635294 0.588235
v 2 1 5 0.674510 0.635294 0.588235
v 3 1 6 0.674510 0.635294 0.588235
v 3 2 6 0.674510 0.635294 0.588235
v 3 1 5 0.674510 0.635294 0.588235
v 4 1 6 0.674510 0.635294 0.588235
v 4 2 6 0.674510 0.635294 0.588235
v 4 1 5 0.674510 0.635294 0.588235
v 5 1 6 0.674510 0.635294 0.588235
v 5 2 6 0.674510 0.635294 0.588235
v 5 1 5 0.674510 0.635294 0.588235
v 6 1 6 0.674510 0.635294 0.588235
v 6 2 6 0.674510 0.635294 0.588235
v 6 1 5 0.674510 0.635294 0.588235
v 7 1 6 0.674510 0.635294 0.588235
v 7 2 6 0.674510 0.635294 0.588235
v 7 1 5 0.674510 0.635294 0.588235
v 8 1 6 0.674510 0.635294 0.588235
v 8 2 6 0.674510 0.635294 0.588235
v 8 1 5 0.674510 0.635294 0.588235
v 9 1 6 0.674510 0.635294 0.588235
v 9 2 6 0.674510 0.635294 0.588235
v 9 1 5 0.674510 0.635294 0.588235
v 10 1 6 0.674510 0.635294 0.588235
v 10 2 6 0.674510 0.635294 0.588235
v 10 1 5 0.674510 0.635294 0.588235
v 11 1 6 0.674510 0.635294 0.588235
v 11 2 6 0.674510 0.635294 0.588235
v 11 1 5 0.674510 0.635294 0.588235
v 12 1 6 0.674510 0.635294 0.588235
v 12 2 6 0.674510 0.635294 0.588235
v 12 1 5 0.674510 0.635294 0.588235
v 12 2 5 0.674510 0.635294 0.588235
v 1 1 4 0.674510 0.635294 0.588235
v 1 2 5 0.674510 0.635294 0.588235
v 1 2 4 0.674510 0.635294 0.588235
v 2 1 4 0.674510 0.635294 0.588235
v 2 2 5 0.674510 0.635294 0.588235
v 2 2 4 0.674510 0.635294 0.588235
v 3 1 4 0.674510 0.635294 0.588235
v 3 2 5 0.674510 0.635294 0.588235
v 3 2 4 0.674510 0.635294 0.588235
v 4 1 4 0.674510 0.635294 0.588235
v 4 2 5 0.674510 0.635294 0.588235
v 4 2 4 0.674510 0.635294 0.588235
v 5 1 4 0.674510 0.635294 0.588235
v 5 2 5 0.674510 0.635294 0.588235
v 5 2 4 0.674510 0.635294 0.588235
v 6 1 4 0.674510 0.635294 0.588235
v 6 2 5 0.674510 0.635294 0.588235
v 6 2 4 0.674510 0.635294 0.588235
v 7 1 4 0.674510 0.635294 0.588235
v 7 2 5 0.674510 0.635294 0.588235
v 7 2 4 0.674510 0.635294 0.588235
v 8 1 4 0.674510 0.635294 0.588235
v 8 2 5 0.674510 0.635294 0.588235
v 8 2 4 0.674510 0.635294 0.588235
v 9 1 4 0.674510 0.635294 0.588235
v 9 2 5 0.674510 0.635294 0.588235
v 9 2 4 0.674510 0.635294 0.588235
v 10 1 4 0.674510 0.635294 0.588235
v 10 2 5 0.674510 0.635294 0.588235
v 10 2 4 0.674510 0.635294 0.588235
v 11 1 4 0.674510 0.635294 0.588235
v 11 2 5 0.674510 0.635294 0.588235
v 11 2 4 0.674510 0.635294 0.588235
v 12 1 4 0.674510 0.635294 0.588235
v 12 2 4 0.674510 0.635294 0.588235
v 1 1 3 0.674510 0.635294 0.588235
v 1 2 3 0.674510 0.635294 0.588235
v 2 1 3 0.674510 0.635294 0.588235
v 2 2 3 0.674510 0.635294 0.588235
v 3 1 3 0.674510 0.635294 0.588235
v 3 2 3 0.674510 0.635294 0.588235
v 4 1 3 0.674510 0.635294 0.588235
v 4 2 3 0.674510 0.635294 0.588235
v 5 1 3 0.674510 0.635294 0.588235
v 5 2 3 0.674510 0.635294 0.588235
v 6 1 3 0.674510 0.635294 0.588235
v 6 2 3 0.674510 0.635294 0.588235
v 7 1 3 0.674510 0.635294 0.588235
v 7 2 3 0.674510 0.635294 0.588235
v 8 1 3 0.674510 0.635294 0.588235
v 8 2 3 0.674510 0.635294 0.588235
v 9 1 3 0.674510 0.635294 0.588235
v 9 2 3 0.674510 0.635294 0.588235
v 10 1 3 0.674510 0.635294 0.588235
v 10 2 3 0.674510 0.635294 0.588235
v 11 1 3 0.674510 0.635294 0.588235
v 11 2 3 0.674510 0.635294 0.588235
v 12 1 3 0.674510 0.635294 0.588235
v 12 2 3 0.674510 0.635294 0.588235
v 1 1 2 0.674510 0.635294 0.588235
v 1 2 2 0.674510 0.635294 0.588235
v 2 1 2 0.674510 0.635294 0.588235
v 2 2 2 0.674510 0.635294 0.588235
v 3 1 2 0.674510 0.635294 0.588235
v 3 2 2 0.674510 0.635294 0.588235
v 4 1 2 0.674510 0.635294 0.588235
v 4 2 2 0.674510 0.635294 0.588235
v 5 1 2 0.674510 0.635294 0.588235
v 5 2 2 0.674510 0.635294 0.588235
v 6 1 2 0.674510 0.635294 0.588235
v 6 2 2 0.674510 0.635294 0.588235
v 7 1 2 0.674510 0.635294 0.588235
v 7 2 2 0.674510 0.635294 0.588235
v 8 1 2 0.674510 0.635294 0.588235
v 8 2 2 0.674510 0.635294 0.588235
v 9 1 2 0.674510 0.635294 0.588235
v 9 2 2 0.674510 0.635294 0.588235
v 10 1 2 0.674510 0.635294 0.588235
v 10 2 2 0.674510 0.635294 0.588235
v 11 1 2 0.674510 0.635294 0.588235
v 11 2 2 0.674510 0.635294 0.588235
v 12 1 2 0.674510 0.635294 0.588235
v 12 2 2 0.674510 0.635294 0.588235
v 1 1 1 0.674510 0.635294 0.588235
v 1 2 1 0.674510 0.635294 0.588235
v 2 1 1 0.674510 0.635294 0.588235
v 2 2 1 0.674510 0.635294 0.588235
v 3 1 1 0.674510 0.635294 0.588235
v 3 2 1 0.674510 0.635294 0.588235
v 4 1 1 0.674510 0.635294 0.588235
v 4 2 1 0.674510 0.635294 0.588235
v 5 1 1 0.674510 0.635294 0.588235
v 5 2 1 0.674510 0.635294 0.588235
v 6 1 1 0.674510 0.635294 0.588235
v 6 2 1 0.674510 0.635294 0.588235
v 7 1 1 0.674510 0.635294 0.588235
v 7 2 1 0.674510 0.635294 0.588235
v 8 1 1 0.674510 0.635294 0.588235
v 8 2 1 0.674510 0.635294 0.588235
v 9 1 1 0.674510 0.635294 0.588235
v 9 2 1 0.674510 0.635294 0.588235
v 10 1 1 0.674510 0.635294 0.588235
v 10 2 1 0.674510 0.635294 0.588235
v 11 1 1 0.674510 0.635294 0.588235
v 11 2 1 0.674510 0.635294 0.588235
v 12 1 1 0.674510 0.635294 0.588235
v 12 2 1 0.674510 0.635294 0.588235
v 1 1 0 0.674510 0.635294 0.588235
v 1 2 0 0.674510 0.635294 0.588235
v 2 1 0 0.674510 0.635294 0.588235
v 2 2 0 0.674510 0.635294 0.588235
v 3 1 0 0.674510 0.635294 0.588235
v 3 2 0 0.674510 0.635294 0.588235
v 4 1 0 0.674510 0.635294 0.588235
v 4 2 0 0.674510 0.635294 0.588235
v 5 1 0 0.674510 0.635294 0.588235
v 5 2 0 0.674510 0.635294 0.588235
v 6 1 0 0.674510 0.635294 0.588235
v 6 2 0 0.674510 0.635294 0.588235
v 7 1 0 0.674510 0.635294 0.588235
v 7 2 0 0.674510 0.635294 0.588235
v 8 1 0 0.674510 0.635294 0.588235
v 8 2 0 0.674510 0.635294 0.588235
v 9 1 0 0.674510 0.635294 0.588235
v 9 2 0 0.674510 0.635294 0.588235
v 10 1 0 0.674510 0.635294 0.588235
v 10 2 0 0.674510 0.635294 0.588235
v 11 1 0 0.674510 0.635294 0.588235
v 11 2 0 0.674510 0.635294 0.588235
v 12 1 0 0.674510 0.635294 0.588235
v 12 2 0 0.674510 0.635294 0.588235
v 1 2 6 0.784314 0.784314 0.823529
v 1 3 6 0.784314 0.784314 0.823529
v 1 2 5 0.784314 0.784314 0.823529
v 1 3 5 0.784314 0.784314 0.823529
v 2 2 6 0.784314 0.784314 0.823529
v 2 3 6 0.784314 0.784314 0.823529
v 2 2 5 0.784314 0.784314 0.823529
v 2 3 5 0.784314 0.784314 0.823529
v 3 2 6 0.784314 0.784314 0.823529
v 3 3 6 0.784314 0.784314 0.823529
v 3 2 5 0.784314 0.784314 0.823529
v 3 3 5 0.784314 0.784314 0.823529
v 4 2 6 0.784314 0.784314 0.823529
v 4 3 6 0.784314 0.784314 0.823529
v 4 2 5 0.784314 0.784314 0.823529
v 4 3 5 0.784314 0.784314 0.823529
v 5 2 6 0.784314 0.784314 0.823529
v 5 3 6 0.784314 0.784314 0.823529
v 5 2 5 0.784314 0.784314 0.823529
v 5 3 5 0.784314 0.784314 0.823529
v 6 2 6 0.784314 0.784314 0.823529
v 6 3 6 0.784314 0.784314 0.823529
v 6 2 5 0.784314 0.784314 0.823529
v 6 3 5 0.784314 0.784314 0.823529
v 7 2 6 0.784314 0.784314 0.823529
v 7 3 6 0.784314 0.784314 0.823529
v 7 2 5 0.784314 0.784314 0.823529
v 7 3 5 0.784314 0.784314 0.823529
v 8 2 6 0.784314 0.784314 0.823529
v 8 3 6 0.784314 0.784314 0.823529
v 8 2 5 0.784314 0.784314 0.823529
v 8 3 5 0.784314 0.784314 0.823529
v 9 2 6 0.784314 0.784314 0.823529
v 9 3 6 0.784314 0.784314 0.823529
v 9 2 5 0.784314 0.784314 0.823529
v 9 3 5 0.784314 0.784314 0.823529
v 10 2 6 0.784314 0.784314 0.823529
v 10 3 6 0.784314 0.784314 0.823529
v 10 2 5 0.784314 0.784314 0.823529
v 10 3 5 0.784314 0.784314 0.823529
v 11 2 6 0.784314 0.784314 0.823529
v 11 3 6 0.784314 0.784314 0.823529
v 11 2 5 0.784314 0.784314 0.823529
v 11 3 5 0.784314 0.784314 0.823529
v 12 2 6 0.784314 0.784314 0.823529
v 12 3 6 0.784314 0.784314 0.823529
v 12 2 5 0.784314 0.784314 0.823529
v 12 3 5 0.784314 0.784314 0.823529
v 12 2 4 0.784314 0.784314 0.823529
v 12 3 4 0.784314 0.784314 0.823529
v 11 3 4 0.784314 0.784314 0.823529
v 11 2 4 0.784314 0.784314 0.823529
v 12 2 3 0.784314 0.784314 0.823529
v 12 3 3 0.784314 0.784314 0.823529
v 11 3 3 0.784314 0.784314 0.823529
v 11 2 3 0.784314 0.784314 0.823529
v 12 2 2 0.784314 0.784314 0.823529
v 12 3 2 0.784314 0.784314 0.823529
v 11 3 2 0.784314 0.784314 0.823529
v 11 2 2 0.784314 0.784314 0.823529
v 12 2 1 0.784314 0.784314 0.823529
v 12 3 1 0.784314 0.784314 0.823529
v 11 3 1 0.784314 0.784314 0.823529
v 11 2 1 0.784314 0.784314 0.823529
v 12 2 0 0.784314 0.784314 0.823529
v 12 3 0 0.784314 0.784314 0.823529
v 11 3 0 0.784314 0.784314 0.823529
v 11 2 0 0.784314 0.784314 0.823529
v 1 4 6 0.784314 0.784314 0.823529
v 1 4 5 0.784314 0.784314 0.823529
v 2 4 6 0.784314 0.784314 0.823529
v 2 4 5 0.784314 0.784314 0.823529
v 3 4 6 0.784314 0.784314 0.823529
v 3 4 5 0.784314 0.784314 0.823529
v 4 4 6 0.784314 0.784314 0.823529
v 4 4 5 0.784314 0.784314 0.823529
v 5 4 6 0.784314 0.784314 0.823529
v 5 4 5 0.784314 0.784314 0.823529
v 6 4 6 0.784314 0.784314 0.823529
v 6 4 5 0.784314 0.784314 0.823529
v 7 4 6 0.784314 0.784314 0.823529
v 7 4 5 0.784314 0.784314 0.823529
v 8 4 6 0.784314 0.784314 0.823529
v 8 4 5 0.784314 0.784314 0.823529
v 9 4 6 0.784314 0.784314 0.823529
v 9 4 5 0.784314 0.784314 0.823529
v 10 4 6 0.784314 0.784314 0.823529
v 10 4 5 0.784314 0.784314 0.823529
v 11 4 6 0.784314 0.784314 0.823529
v 11 4 5 0.784314 0.784314 0.823529
v 12 4 6 0.784314 0.784314 0.823529
v 12 4 5 0.784314 0.784314 0.823529
v 12 4 4 0.784314 0.784314 0.823529
v 11 4 4 0.784314 0.784314 0.823529
v 12 4 3 0.784314 0.784314 0.823529
v 11 4 3 0.784314 0.784314 0.823529
v 12 4 2 0.784314 0.784314 0.823529
v 11 4 2 0.784314 0.784314 0.823529
v 12 4 1 0.784314 0.784314 0.823529
v 11 4 1 0.784314 0.784314 0.823529
v 12 4 0 0.784314 0.784314 0.823529
v 11 4 0 0.784314 0.784314 0.823529
v 1 5 6 0.784314 0.784314 0.823529
v 1 5 5 0.784314 0.784314 0.823529
v 2 5 6 0.784314 0.784314 0.823529
v 2 5 5 0.784314 0.784314 0.823529
v 3 5 6 0.784314 0.784314 0.823529
v 3 5 5 0.784314 0.784314 0.823529
v 4 5 6 0.784314 0.784314 0.823529
v 4 5 5 0.784314 0.784314 0.823529
v 5 5 6 0.784314 0.784314 0.823529
v 5 5 5 0.784314 0.784314 0.823529
v 6 5 6 0.784314 0.784314 0.823529
v 6 5 5 0.784314 0.784314 0.823529
v 7 5 6 0.784314 0.784314 0.823529
v 7 5 5 0.784314 0.784314 0.823529
v 8 5 6 0.784314 0.784314 0.823529
v 8 5 5 0.784314 0.784314 0.823529
v 9 5 6 0.784314 0.784314 0.823529
v 9 5 5 0.784314 0.784314 0.823529
v 10 5 6 0.784314 0.784314 0.823529
v 10 5 5 0.784314 0.784314 0.823529
v 11 5 6 0.784314 0.784314 0.823529
v 11 5 5 0.784314 0.784314 0.823529
v 12 5 6 0.784314 0.784314 0.823529
v 12 5 5 0.784314 0.784314 0.823529
v 12 5 4 0.784314 0.784314 0.823529
v 11 5 4 0.784314 0.784314 0.823529
v 12 5 3 0.784314 0.784314 0.823529
v 11 5 3 0.784314 0.784314 0.823529
v 12 5 2 0.784314 0.784314 0.823529
v 11 5 2 0.784314 0.784314 0.823529
v 12 5 1 0.784314 0.784314 0.823529
v 11 5 1 0.784314 0.784314 0.823529
v 12 5 0 0.784314 0.784314 0.823529
v 11 5 0 0.784314 0.784314 0.823529
v 1 6 6 0.784314 0.784314 0.823529
v 1 6 5 0.784314 0.784314 0.823529
v 2 6 6 0.784314 0.784314 0.823529
v 2 6 5 0.784314 0.784314 0.823529
v 3 6 6 0.784314 0.784314 0.823529
v 3 6 5 0.784314 0.784314 0.823529
v 4 6 6 0.784314 0.784314 0.823529
v 4 6 5 0.784314 0.784314 0.823529
v 5 6 6 0.784314 0.784314 0.823529
v 5 6 5 0.784314 0.784314 0.823529
v 6 6 6 0.784314 0.784314 0.823529
v 6 6 5 0.784314 0.784314 0.823529
v 7 6 6 0.784314 0.784314 0.823529
v 7 6 5 0.784314 0.784314 0.823529
v 8 6 6 0.784314 0.784314 0.823529
v 8 6 5 0.784314 0.784314 0.823529
v 9 6 6 0.784314 0.784314 0.823529
v 9 6 5 0.784314 0.784314 0.823529
v 10 6 6 0.784314 0.784314 0.823529
v 10 6 5 0.784314 0.784314 0.823529
v 11 6 6 0.784314 0.784314 0.823529
v 11 6 5 0.784314 0.784314 0.823529
v 12 6 6 0.784314 0.784314 0.823529
v 12 6 5 0.784314 0.784314 0.823529
v 12 6 4 0.784314 0.784314 0.823529
v 11 6 4 0.784314 0.784314 0.823529
v 12 6 3 0.784314 0.784314 0.823529
v 11 6 3 0.784314 0.784314 0.823529
v 12 6 2 0.784314 0.784314 0.823529
v 11 6 2 0.784314 0.784314 0.823529
v 12 6 1 0.784314 0.784314 0.823529
v 11 6 1 0.784314 0.784314 0.823529
v 12 6 0 0.784314 0.784314 0.823529
v 11 6 0 0.784314 0.784314 0.823529
v 1 7 6 0.784314 0.784314 0.823529
v 1 7 5 0.784314 0.784314 0.823529
v 2 7 6 0.784314 0.784314 0.823529
v 2 7 5 0.784314 0.784314 0.823529
v 3 7 6 0.784314 0.784314 0.823529
v 3 7 5 0.784314 0.784314 0.823529
v 4 7 6 0.784314 0.784314 0.823529
v 4 7 5 0.784314 0.784314 0.823529
v 5 7 6 0.784314 0.784314 0.823529
v 5 7 5 0.784314 0.784314 0.823529
v 6 7 6 0.784314 0.784314 0.823529
v 6 7 5 0.784314 0.784314 0.823529
v 7 7 6 0.784314 0.784314 0.823529
v 7 7 5 0.784314 0.784314 0.823529
v 8 7 6 0.784314 0.784314 0.823529
v 8 7 5 0.784314 0.784314 0.823529
v 9 7 6 0.784314 0.784314 0.823529
v 9 7 5 0.784314 0.784314 0.823529
v 10 7 6 0.784314 0.784314 0.823529
v 10 7 5 0.784314 0.784314 0.823529
v 11 7 6 0.784314 0.784314 0.823529
v 11 7 5 0.784314 0.784314 0.823529
v 12 7 6 0.784314 0.784314 0.823529
v 12 7 5 0.784314 0.784314 0.823529
v 12 7 4 0.784314 0.784314 0.823529
v 11 7 4 0.784314 0.784314 0.823529
v 12 7 3 0.784314 0.784314 0.823529
v 11 7 3 0.784314 0.784314 0.823529
v 12 7 2 0.784314 0.784314 0.823529
v 11 7 2 0.784314 0.784314 0.823529
v 11 7 1 0.784314 0.784314 0.823529
v 12 7 1 0.784314 0.784314 0.823529
v 1 8 6 0.784314 0.784314 0.823529
v 1 8 5 0.784314 0.784314 0.823529
v 2 8 6 0.784314 0.784314 0.823529
v 2 8 5 0.784314 0.784314 0.823529
v 3 8 6 0.784314 0.784314 0.823529
v 3 8 5 0.784314 0.784314 0.823529
v 4 8 6 0.784314 0.784314 0.823529
v 4 8 5 0.784314 0.784314 0.823529
v 5 8 6 0.784314 0.784314 0.823529
v 5 8 5 0.784314 0.784314 0.823529
v 6 8 6 0.784314 0.784314 0.823529
v 6 8 5 0.784314 0.784314 0.823529
v 7 8 6 0.784314 0.784314 0.823529
v 7 8 5 0.784314 0.784314 0.823529
v 8 8 6 0.784314 0.784314 0.823529
v 8 8 5 0.784314 0.784314 0.823529
v 9 8 6 0.784314 0.784314 0.823529
v 9 8 5 0.784314 0.784314 0.823529
v 10 8 6 0.784314 0.784314 0.823529
v 10 8 5 0.784314 0.784314 0.823529
v 11 8 6 0.784314 0.784314 0.823529
v 11 8 5 0.784314 0.784314 0.823529
v 12 8 6 0.784314 0.784314 0.823529
v 12 8 5 0.784314 0.784314 0.823529
v 12 8 4 0.784314 0.784314 0.823529
v 11 8 4 0.784314 0.784314 0.823529
v 12 8 3 0.784314 0.784314 0.823529
v 11 8 3 0.784314 0.784314 0.823529
v 12 8 2 0.784314 0.784314 0.823529
v 11 8 2 0.784314 0.784314 0.823529
v 11 8 1 0.784314 0.784314 0.823529
v 12 8 1 0.784314 0.784314 0.823529
v 1 9 6 0.784314 0.784314 0.823529
v 1 9 5 0.784314 0.784314 0.823529
v 2 9 6 0.784314 0.784314 0.823529
v 2 9 5 0.784314 0.784314 0.823529
v 3 9 6 0.784314 0.784314 0.823529
v 3 9 5 0.784314 0.784314 0.823529
v 4 9 6 0.784314 0.784314 0.823529
v 4 9 5 0.784314 0.784314 0.823529
v 5 9 6 0.784314 0.784314 0.823529
v 5 9 5 0.784314 0.784314 0.823529
v 6 9 6 0.784314 0.784314 0.823529
v 6 9 5 0.784314 0.784314 0.823529
v 7 9 6 0.784314 0.784314 0.823529
v 7 9 5 0.784314 0.784314 0.823529
v 8 9 6 0.784314 0.784314 0.823529
v 8 9 5 0.784314 0.784314 0.823529
v 9 9 6 0.784314 0.784314 0.823529
v 9 9 5 0.784314 0.784314 0.823529
v 10 9 6 0.784314 0.784314 0.823529
v 10 9 5 0.784314 0.784314 0.823529
v 11 9 6 0.784314 0.784314 0.823529
v 11 9 5 0.784314 0.784314 0.823529
v 12 9 6 0.784314 0.784314 0.823529
v 12 9 5 0.784314 0.784314 0.823529
v 12 9 4 0.784314 0.784314 0.823529
v 11 9 4 0.784314 0.784314 0.823529
v 12 9 3 0.784314 0.784314 0.823529
v 11 9 3 0.784314 0.784314 0.823529
v 12 9 2 0.784314 0.784314 0.823529
v 11 9 2 0.784314 0.784314 0.823529
v 11 9 1 0.784314 0.784314 0.823529
v 12 9 1 0.784314 0.784314 0.823529
v 1 10 6 0.784314 0.784314 0.823529
v 1 10 5 0.784314 0.784314 0.823529
v 2 10 6 0.784314 0.784314 0.823529
v 2 10 5 0.784314 0.784314 0.823529
v 3 10 6 0.784314 0.784314 0.823529
v 3 10 5 0.784314 0.784314 0.823529
v 4 10 6 0.784314 0.784314 0.823529
v 4 10 5 0.784314 0.784314 0.823529
v 5 10 6 0.784314 0.784314 0.823529
v 5 10 5 0.784314 0.784314 0.823529
v 6 10 6 0.784314 0.784314 0.823529
v 6 10 5 0.784314 0.784314 0.823529
v 7 10 6 0.784314 0.784314 0.823529
v 7 10 5 0.784314 0.784314 0.823529
v 8 10 6 0.784314 0.784314 0.823529
v 8 10 5 0.784314 0.784314 0.823529
v 9 10 6 0.784314 0.784314 0.823529
v 9 10 5 0.784314 0.784314 0.823529
v 10 10 6 0.784314 0.784314 0.823529
v 10 10 5 0.784314 0.784314 0.823529
v 11 10 6 0.784314 0.784314 0.823529
v 11 10 5 0.784314 0.784314 0.823529
v 12 10 6 0.784314 0.784314 0.823529
v 12 10 5 0.784314 0.784314 0.823529
v 12 10 4 0.784314 0.784314 0.823529
v 11 10 4 0.784314 0.784314 0.823529
v 12 10 3 0.784314 0.784314 0.823529
v 11 10 3 0.784314 0.784314 0.823529
v 12 10 2 0.784314 0.784314 0.823529
v 11 10 2 0.784314 0.784314 0.823529
v 12 10 1 0.784314 0.784314 0.823529
v 11 10 1 0.784314 0.784314 0.823529
v 11 9 0 0.784314 0.784314 0.823529
v 12 9 0 0.784314 0.784314 0.823529
v 12 10 0 0.784314 0.784314 0.823529
v 11 10 0 0.784314 0.784314 0.823529
v 1 11 6 0.784314 0.784314 0.823529
v 1 11 5 0.784314 0.784314 0.823529
v 2 11 6 0.784314 0.784314 0.823529
v 2 11 5 0.784314 0.784314 0.823529
v 3 11 6 0.784314 0.784314 0.823529
v 3 11 5 0.784314 0.784314 0.823529
v 4 11 6 0.784314 0.784314 0.823529
v 4 11 5 0.784314 0.784314 0.823529
v 5 11 6 0.784314 0.784314 0.823529
v 5 11 5 0.784314 0.784314 0.823529
v 6 11 6 0.784314 0.784314 0.823529
v 6 11 5 0.784314 0.784314 0.823529
v 7 11 6 0.784314 0.784314 0.823529
v 7 11 5 0.784314 0.784314 0.823529
v 8 11 6 0.784314 0.784314 0.823529
v 8 11 5 0.784314 0.784314 0.823529
v 9 11 6 0.784314 0.784314 0.823529
v 9 11 5 0.784314 0.784314 0.823529
v 10 11 6 0.784314 0.784314 0.823529
v 10 11 5 0.784314 0.784314 0.823529
v 11 11 6 0.784314 0.784314 0.823529
v 11 11 5 0.784314 0.784314 0.823529
v 12 11 6 0.784314 0.784314 0.823529
v 12 11 5 0.784314 0.784314 0.823529
v 12 11 4 0.784314 0.784314 0.823529
v 11 11 4 0.784314 0.784314 0.823529
v 12 11 3 0.784314 0.784314 0.823529
v 11 11 3 0.784314 0.784314 0.823529
v 12 11 2 0.784314 0.784314 0.823529
v 11 11 2 0.784314 0.784314 0.823529
v 12 11 1 0.784314 0.784314 0.823529
v 11 11 1 0.784314 0.784314 0.823529
v 12 11 0 0.784314 0.784314 0.823529
v 11 11 0 0.784314 0.784314 0.823529
v 1 12 6 0.784314 0.784314 0.823529
v 1 12 5 0.784314 0.784314 0.823529
v 2 12 6 0.784314 0.784314 0.823529
v 2 12 5 0.784314 0.784314 0.823529
v 3 12 6 0.784314 0.784314 0.823529
v 3 12 5 0.784314 0.784314 0.823529
v 4 12 6 0.784314 0.784314 0.823529
v 4 12 5 0.784314 0.784314 0.823529
v 5 12 6 0.784314 0.784314 0.823529
v 5 12 5 0.784314 0.784314 0.823529
v 6 12 6 0.784314 0.784314 0.823529
v 6 12 5 0.784314 0.784314 0.823529
v 7 12 6 0.784314 0.784314 0.823529
v 7 12 5 0.784314 0.784314 0.823529
v 8 12 6 0.784314 0.784314 0.823529
v 8 12 5 0.784314 0.784314 0.823529
v 9 12 6 0.784314 0.784314 0.823529
v 9 12 5 0.784314 0.784314 0.823529
v 10 12 6 0.784314 0.784314 0.823529
v 10 12 5 0.784314 0.784314 0.823529
v 11 12 6 0.784314 0.784314 0.823529
v 11 12 5 0.784314 0.784314 0.823529
v 12 12 6 0.784314 0.784314 0.823529
v 12 12 5 0.784314 0.784314 0.823529
v 12 12 4 0.784314 0.784314 0.823529
v 11 12 4 0.784314 0.784314 0.823529
v 12 12 3 0.784314 0.784314 0.823529
v 11 12 3 0.784314 0.784314 0.823529
v 12 12 2 0.784314 0.784314 0.823529
v 11 12 2 0.784314 0.784314 0.823529
v 12 12 1 0.784314 0.784314 0.823529
v 11 12 1 0.784314 0.784314 0.823529
v 12 12 0 0.784314 0.784314 0.823529
v 11 12 0 0.784314 0.784314 0.823529
v 1 12 6 0.882353 0.894118 0.921569
v 1 13 6 0.882353 0.894118 0.921569
v 1 13 5 0.882353 0.894118 0.921569
v 2 12 6 0.882353 0.894118 0.921569
v 2 13 6 0.882353 0.894118 0.921569
v 2 13 5 0.882353 0.894118 0.921569
v 3 12 6 0.882353 0.894118 0.921569
v 3 13 6 0.882353 0.894118 0.921569
v 3 13 5 0.882353 0.894118 0.921569
v 4 12 6 0.882353 0.894118 0.921569
v 4 13 6 0.882353 0.894118 0.921569
v 4 13 5 0.882353 0.894118 0.921569
v 5 12 6 0.882353 0.894118 0.921569
v 5 13 6 0.882353 0.894118 0.921569
v 5 13 5 0.882353 0.894118 0.921569
v 6 12 6 0.882353 0.894118 0.921569
v 6 13 6 0.882353 0.894118 0.921569
v 6 13 5 0.882353 0.894118 0.921569
v 7 12 6 0.882353 0.894118 0.921569
v 7 13 6 0.882353 0.894118 0.921569
v 7 13 5 0.882353 0.894118 0.921569
v 8 12 6 0.882353 0.894118 0.921569
v 8 13 6 0.882353 0.894118 0.921569
v 8 13 5 0.882353 0.894118 0.921569
v 9 12 6 0.882353 0.894118 0.921569
v 9 13 6 0.882353 0.894118 0.921569
v 9 13 5 0.882353 0.894118 0.921569
v 10 12 6 0.882353 0.894118 0.921569
v 10 13 6 0.882353 0.894118 0.921569
v 10 13 5 0.882353 0.894118 0.921569
v 11 12 6 0.882353 0.894118 0.921569
v 11 13 6 0.882353 0.894118 0.921569
v 11 13 5 0.882353 0.894118 0.921569
v 12 12 6 0.882353 0.894118 0.921569
v 12 13 6 0.882353 0.894118 0.921569
v 12 13 5 0.882353 0.894118 0.921569
v 12 12 5 0.882353 0.894118 0.921569
v 1 12 4 0.882353 0.894118 0.921569
v 1 12 5 0.882353 0.894118 0.921569
v 1 13 4 0.882353 0.894118 0.921569
v 2 12 4 0.882353 0.894118 0.921569
v 2 12 5 0.882353 0.894118 0.921569
v 2 13 4 0.882353 0.894118 0.921569
v 3 12 4 0.882353 0.894118 0.921569
v 3 12 5 0.882353 0.894118 0.921569
v 3 13 4 0.882353 0.894118 0.921569
v 4 12 4 0.882353 0.894118 0.921569
v 4 12 5 0.882353 0.894118 0.921569
v 4 13 4 0.882353 0.894118 0.921569
v 5 12 4 0.882353 0.894118 0.921569
v 5 12 5 0.882353 0.894118 0.921569
v 5 13 4 0.882353 0.894118 0.921569
v 6 12 4 0.882353 0.894118 0.921569
v 6 12 5 0.882353 0.894118 0.921569
v 6 13 4 0.882353 0.894118 0.921569
v 7 12 4 0.882353 0.894118 0.921569
v 7 12 5 0.882353 0.894118 0.921569
v 7 13 4 0.882353 0.894118 0.921569
v 8 12 4 0.882353 0.894118 0.921569
v 8 12 5 0.882353 0.894118 0.921569
v 8 13 4 0.882353 0.894118 0.921569
v 9 12 4 0.882353 0.894118 0.921569
v 9 12 5 0.882353 0.894118 0.921569
v 9 13 4 0.882353 0.894118 0.921569
v 10 12 4 0.882353 0.894118 0.921569
v 10 12 5 0.882353 0.894118 0.921569
v 10 13 4 0.882353 0.894118 0.921569
v 11 12 4 0.882353 0.894118 0.921569
v 11 12 5 0.882353 0.894118 0.921569
v 11 13 4 0.882353 0.894118 0.921569
v 12 13 4 0.882353 0.894118 0.921569
v 12 12 4 0.882353 0.894118 0.921569
v 1 12 3 0.882353 0.894118 0.921569
v 1 13 3 0.882353 0.894118 0.921569
v 2 12 3 0.882353 0.894118 0.921569
v 2 13 3 0.882353 0.894118 0.921569
v 3 12 3 0.882353 0.894118 0.921569
v 3 13 3 0.882353 0.894118 0.921569
v 4 12 3 0.882353 0.894118 0.921569
v 4 13 3 0.882353 0.894118 0.921569
v 5 12 3 0.882353 0.894118 0.921569
v 5 13 3 0.882353 0.894118 0.921569
v 6 12 3 0.882353 0.894118 0.921569
v 6 13 3 0.882353 0.894118 0.921569
v 7 12 3 0.882353 0.894118 0.921569
v 7 13 3 0.882353 0.894118 0.921569
v 8 12 3 0.882353 0.894118 0.921569
v 8 13 3 0.882353 0.894118 0.921569
v 9 12 3 0.882353 0.894118 0.921569
v 9 13 3 0.882353 0.894118 0.921569
v 10 12 3 0.882353 0.894118 0.921569
v 10 13 3 0.882353 0.894118 0.921569
v 11 12 3 0.882353 0.894118 0.921569
v 11 13 3 0.882353 0.894118 0.921569
v 12 13 3 0.882353 0.894118 0.921569
v 12 12 3 0.882353 0.894118 0.921569
v 1 12 2 0.882353 0.894118 0.921569
v 1 13 2 0.882353 0.894118 0.921569
v 2 12 2 0.882353 0.894118 0.921569
v 2 13 2 0.882353 0.894118 0.921569
v 3 12 2 0.882353 0.894118 0.921569
v 3 13 2 0.882353 0.894118 0.921569
v 4 12 2 0.882353 0.894118 0.921569
v 4 13 2 0.882353 0.894118 0.921569
v 5 12 2 0.882353 0.894118 0.921569
v 5 13 2 0.882353 0.894118 0.921569
v 6 12 2 0.882353 0.894118 0.921569
v 6 13 2 0.882353 0.894118 0.921569
v 7 12 2 0.882353 0.894118 0.921569
v 7 13 2 0.882353 0.894118 0.921569
v 8 12 2 0.882353 0.894118 0.921569
v 8 13 2 0.882353 0.894118 0.921569
v 9 12 2 0.882353 0.894118 0.921569
v 9 13 2 0.882353 0.894118 0.921569
v 10 12 2 0.882353 0.894118 0.921569
v 10 13 2 0.882353 0.894118 0.921569
v 11 12 2 0.882353 0.894118 0.921569
v 11 13 2 0.882353 0.894118 0.921569
v 12 13 2 0.882353 0.894118 0.921569
v 12 12 2 0.882353 0.894118 0.921569
v 1 12 1 0.882353 0.894118 0.921569
v 1 13 1 0.882353 0.894118 0.921569
v 2 12 1 0.882353 0.894118 0.921569
v 2 13 1 0.882353 0.894118 0.921569
v 3 12 1 0.882353 0.894118 0.921569
v 3 13 1 0.882353 0.894118 0.921569
v 4 12 1 0.882353 0.894118 0.921569
v 4 13 1 0.882353 0.894118 0.921569
v 5 12 1 0.882353 0.894118 0.921569
v 5 13 1 0.882353 0.894118 0.921569
v 6 12 1 0.882353 0.894118 0.921569
v 6 13 1 0.882353 0.894118 0.921569
v 7 12 1 0.882353 0.894118 0.921569
v 7 13 1 0.882353 0.894118 0.921569
v 8 12 1 0.882353 0.894118 0.921569
v 8 13 1 0.882353 0.894118 0.921569
v 9 12 1 0.882353 0.894118 0.921569
v 9 13 1 0.882353 0.894118 0.921569
v 10 12 1 0.882353 0.894118 0.921569
v 10 13 1 0.882353 0.894118 0.921569
v 11 12 1 0.882353 0.894118 0.921569
v 11 13 1 0.882353 0.894118 0.921569
v 12 13 1 0.882353 0.894118 0.921569
v 12 12 1 0.882353 0.894118 0.921569
v 1 12 0 0.882353 0.894118 0.921569
v 1 13 0 0.882353 0.894118 0.921569
v 2 12 0 0.882353 0.894118 0.921569
v 2 13 0 0.882353 0.894118 0.921569
v 3 12 0 0.882353 0.894118 0.921569
v 3 13 0 0.882353 0.894118 0.921569
v 4 12 0 0.882353 0.894118 0.921569
v 4 13 0 0.882353 0.894118 0.921569
v 5 12 0 0.882353 0.894118 0.921569
v 5 13 0 0.882353 0.894118 0.921569
v 6 12 0 0.882353 0.894118 0.921569
v 6 13 0 0.882353 0.894118 0.921569
v 7 12 0 0.882353 0.894118 0.921569
v 7 13 0 0.882353 0.894118 0.921569
v 8 12 0 0.882353 0.894118 0.921569
v 8 13 0 0.882353 0.894118 0.921569
v 9 12 0 0.882353 0.894118 0.921569
v 9 13 0 0.882353 0.894118 0.921569
v 10 12 0 0.882353 0.894118 0.921569
v 10 13 0 0.882353 0.894118 0.921569
v 11 12 0 0.882353 0.894118 0.921569
v 11 13 0 0.882353 0.894118 0.921569
v 12 13 0 0.882353 0.894118 0.921569
v 12 12 0 0.882353 0.894118 0.921569
v -12 1 0 0.674510 0.635294 0.588235
v -12 1 -1 0.674510 0.635294 0.588235
v -11 1 -1 0.674510 0.635294 0.588235
v -11 1 0 0.674510 0.635294 0.588235
v -12 2 0 0.674510 0.635294 0.588235
v -12 2 -1 0.674510 0.635294 0.588235
v -10 1 -1 0.674510 0.635294 0.588235
v -10 1 0 0.674510 0.635294 0.588235
v -10 2 0 0.674510 0.635294 0.588235
v -10 2 -1 0.674510 0.635294 0.588235
v -11 2 -1 0.674510 0.635294 0.588235
v -11 2 0 0.674510 0.635294 0.588235
v -9 1 -1 0.674510 0.635294 0.588235
v -9 1 0 0.674510 0.635294 0.588235
v -9 2 0 0.674510 0.635294 0.588235
v -9 2 -1 0.674510 0.635294 0.588235
v -8 1 -1 0.674510 0.635294 0.588235
v -8 1 0 0.674510 0.635294 0.588235
v -8 2 0 0.674510 0.635294 0.588235
v -8 2 -1 0.674510 0.635294 0.588235
v -7 1 -1 0.674510 0.635294 0.588235
v -7 1 0 0.674510 0.635294 0.588235
v -7 2 0 0.674510 0.635294 0.588235
v -7 2 -1 0.674510 0.635294 0.588235
v -6 1 -1 0.674510 0.635294 0.588235
v -6 1 0 0.674510 0.635294 0.588235
v -6 2 0 0.674510 0.635294 0.588235
v -6 2 -1 0.674510 0.635294 0.588235
v -5 1 -1 0.674510 0.635294 0.588235
v -5 1 0 0.674510 0.635294 0.588235
v -5 2 0 0.674510 0.635294 0.588235
v -5 2 -1 0.674510 0.635294 0.588235
v -4 1 -1 0.674510 0.635294 0.588235
v -4 1 0 0.674510 0.635294 0.588235
v -4 2 0 0.674510 0.635294 0.588235
v -4 2 -1 0.674510 0.635294 0.588235
v -3 1 -1 0.674510 0.635294 0.588235
v -3 1 0 0.674510 0.635294 0.588235
v -3 2 0 0.674510 0.635294 0.588235
v -3 2 -1 0.674510 0.635294 0.588235
v -2 1 -1 0.674510 0.635294 0.588235
v -2 1 0 0.674510 0.635294 0.588235
v -2 2 0 0.674510 0.635294 0.588235
v -2 2 -1 0.674510 0.635294 0.588235
v -1 1 -1 0.674510 0.635294 0.588235
v -1 1 0 0.674510 0.635294 0.588235
v -1 2 0 0.674510 0.635294 0.588235
v -1 2 -1 0.674510 0.635294 0.588235
v 0 1 -1 0.674510 0.635294 0.588235
v 0 1 0 0.674510 0.635294 0.588235
v 0 2 0 0.674510 0.635294 0.588235
v 0 2 -1 0.674510 0.635294 0.588235
v -12 1 -2 0.674510 0.635294 0.588235
v -11 1 -2 0.674510 0.635294 0.588235
v -12 2 -2 0.674510 0.635294 0.588235
v -10 1 -2 0.674510 0.635294 0.588235
v -10 2 -2 0.674510 0.635294 0.588235
v -11 2 -2 0.674510 0.635294 0.588235
v -9 1 -2 0.674510 0.635294 0.588235
v -9 2 -2 0.674510 0.635294 0.588235
v -8 1 -2 0.674510 0.635294 0.588235
v -8 2 -2 0.674510 0.635294 0.588235
v -7 1 -2 0.674510 0.635294 0.588235
v -7 2 -2 0.674510 0.635294 0.588235
v -6 1 -2 0.674510 0.635294 0.588235
v -6 2 -2 0.674510 0.635294 0.588235
v -5 1 -2 0.674510 0.635294 0.588235
v -5 2 -2 0.674510 0.635294 0.588235
v -4 1 -2 0.674510 0.635294 0.588235
v -4 2 -2 0.674510 0.635294 0.588235
v -3 1 -2 0.674510 0.635294 0.588235
v -3 2 -2 0.674510 0.635294 0.588235
v -2 1 -2 0.674510 0.635294 0.588235
v -2 2 -2 0.674510 0.635294 0.588235
v -1 1 -2 0.674510 0.635294 0.588235
v -1 2 -2 0.674510 0.635294 0.588235
v 0 1 -2 0.674510 0.635294 0.588235
v 0 2 -2 0.674510 0.635294 0.588235
v -12 1 -3 0.674510 0.635294 0.588235
v -11 1 -3 0.674510 0.635294 0.588235
v -12 2 -3 0.674510 0.635294 0.588235
v -10 1 -3 0.674510 0.635294 0.588235
v -10 2 -3 0.674510 0.635294 0.588235
v -11 2 -3 0.674510 0.635294 0.588235
v -9 1 -3 0.674510 0.635294 0.588235
v -9 2 -3 0.674510 0.635294 0.588235
v -8 1 -3 0.674510 0.635294 0.588235
v -8 2 -3 0.674510 0.635294 0.588235
v -7 1 -3 0.674510 0.635294 0.588235
v -7 2 -3 0.674510 0.635294 0.588235
v -6 1 -3 0.674510 0.635294 0.588235
v -6 2 -3 0.674510 0.635294 0.588235
v -5 1 -3 0.674510 0.635294 0.588235
v -5 2 -3 0.674510 0.635294 0.588235
v -4 1 -3 0.674510 0.635294 0.588235
v -4 2 -3 0.674510 0.635294 0.588235
v -3 1 -3 0.674510 0.635294 0.588235
v -3 2 -3 0.674510 0.635294 0.588235
v -2 1 -3 0.674510 0.635294 0.588235
v -2 2 -3 0.674510 0.635294 0.588235
v -1 1 -3 0.674510 0.635294 0.588235
v -1 2 -3 0.674510 0.635294 0.588235
v 0 1 -3 0.674510 0.635294 0.588235
v 0 2 -3 0.674510 0.635294 0.588235
v -12 1 -4 0.674510 0.635294 0.588235
v -11 1 -4 0.674510 0.635294 0.588235
v -12 2 -4 0.674510 0.635294 0.588235
v -10 1 -4 0.674510 0.635294 0.588235
v -10 2 -4 0.674510 0.635294 0.588235
v -11 2 -4 0.674510 0.635294 0.588235
v -9 1 -4 0.674510 0.635294 0.588235
v -9 2 -4 0.674510 0.635294 0.588235
v -8 1 -4 0.674510 0.635294 0.588235
v -8 2 -4 0.674510 0.635294 0.588235
v -7 1 -4 0.674510 0.635294 0.588235
v -7 2 -4 0.674510 0.635294 0.588235
v -6 1 -4 0.674510 0.635294 0.588235
v -6 2 -4 0.674510 0.635294 0.588235
v -5 1 -4 0.674510 0.635294 0.588235
v -5 2 -4 0.674510 0.635294 0.588235
v -4 1 -4 0.674510 0.635294 0.588235
v -4 2 -4 0.674510 0.635294 0.588235
v -3 1 -4 0.674510 0.635294 0.588235
v -3 2 -4 0.674510 0.635294 0.588235
v -2 1 -4 0.674510 0.635294 0.588235
v -2 2 -4 0.674510 0.635294 0.588235
v -1 1 -4 0.674510 0.635294 0.588235
v -1 2 -4 0.674510 0.635294 0.588235
v 0 1 -4 0.674510 0.635294 0.588235
v 0 2 -4 0.674510 0.635294 0.588235
v -12 1 -5 0.674510 0.635294 0.588235
v -11 1 -5 0.674510 0.635294 0.588235
v -12 2 -5 0.674510 0.635294 0.588235
v -10 1 -5 0.674510 0.635294 0.588235
v -10 2 -5 0.674510 0.635294 0.588235
v -11 2 -5 0.674510 0.635294 0.588235
v -9 1 -5 0.674510 0.635294 0.588235
v -9 2 -5 0.674510 0.635294 0.588235
v -8 1 -5 0.674510 0.635294 0.588235
v -8 2 -5 0.674510 0.635294 0.588235
v -7 1 -5 0.674510 0.635294 0.588235
v -7 2 -5 0.674510 0.635294 0.588235
v -6 1 -5 0.674510 0.635294 0.588235
v -6 2 -5 0.674510 0.635294 0.588235
v -5 1 -5 0.674510 0.635294 0.588235
v -5 2 -5 0.674510 0.635294 0.588235
v -4 1 -5 0.674510 0.635294 0.588235
v -4 2 -5 0.674510 0.635294 0.588235
v -3 1 -5 0.674510 0.635294 0.588235
v -3 2 -5 0.674510 0.635294 0.588235
v -2 1 -5 0.674510 0.635294 0.588235
v -2 2 -5 0.674510 0.635294 0.588235
v -1 1 -5 0.674510 0.635294 0.588235
v -1 2 -5 0.674510 0.635294 0.588235
v 0 1 -5 0.674510 0.635294 0.588235
v 0 2 -5 0.674510 0.635294 0.588235
v -12 1 -6 0.674510 0.635294 0.588235
v -11 1 -6 0.674510 0.635294 0.588235
v -12 2 -6 0.674510 0.635294 0.588235
v -10 1 -6 0.674510 0.635294 0.588235
v -10 2 -6 0.674510 0.635294 0.588235
v -11 2 -6 0.674510 0.635294 0.588235
v -9 1 -6 0.674510 0.635294 0.588235
v -9 2 -6 0.674510 0.635294 0.588235
v -8 1 -6 0.674510 0.635294 0.588235
v -8 2 -6 0.674510 0.635294 0.588235
v -7 1 -6 0.674510 0.635294 0.588235
v -7 2 -6 0.674510 0.635294 0.588235
v -6 1 -6 0.674510 0.635294 0.588235
v -6 2 -6 0.674510 0.635294 0.588235
v -5 1 -6 0.674510 0.635294 0.588235
v -5 2 -6 0.674510 0.635294 0.588235
v -4 1 -6 0.674510 0.635294 0.588235
v -4 2 -6 0.674510 0.635294 0.588235
v -3 1 -6 0.674510 0.635294 0.588235
v -3 2 -6 0.674510 0.635294 0.588235
v -2 1 -6 0.674510 0.635294 0.588235
v -2 2 -6 0.674510 0.635294 0.588235
v -1 1 -6 0.674510 0.635294 0.588235
v -1 2 -6 0.674510 0.635294 0.588235
v 0 1 -6 0.674510 0.635294 0.588235
v 0 2 -6 0.674510 0.635294 0.588235
v -12 1 -7 0.674510 0.635294 0.588235
v -11 1 -7 0.674510 0.635294 0.588235
v -12 2 -7 0.674510 0.635294 0.588235
v -10 1 -7 0.674510 0.635294 0.588235
v -10 2 -7 0.674510 0.635294 0.588235
v -11 2 -7 0.674510 0.635294 0.588235
v -9 1 -7 0.674510 0.635294 0.588235
v -9 2 -7 0.674510 0.635294 0.588235
v -8 1 -7 0.674510 0.635294 0.588235
v -8 2 -7 0.674510 0.635294 0.588235
v -7 1 -7 0.674510 0.635294 0.588235
v -7 2 -7 0.674510 0.635294 0.588235
v -6 1 -7 0.674510 0.635294 0.588235
v -6 2 -7 0.674510 0.635294 0.588235
v -5 1 -7 0.674510 0.635294 0.588235
v -5 2 -7 0.674510 0.635294 0.588235
v -4 1 -7 0.674510 0.635294 0.588235
v -4 2 -7 0.674510 0.635294 0.588235
v -3 1 -7 0.674510 0.635294 0.588235
v -3 2 -7 0.674510 0.635294 0.588235
v -2 1 -7 0.674510 0.635294 0.588235
v -2 2 -7 0.674510 0.635294 0.588235
v -1 1 -7 0.674510 0.635294 0.588235
v -1 2 -7 0.674510 0.635294 0.588235
v 0 1 -7 0.674510 0.635294 0.588235
v 0 2 -7 0.674510 0.635294 0.588235
v -12 1 -8 0.674510 0.635294 0.588235
v -11 1 -8 0.674510 0.635294 0.588235
v -12 2 -8 0.674510 0.635294 0.588235
v -10 1 -8 0.674510 0.635294 0.588235
v -10 2 -8 0.674510 0.635294 0.588235
v -11 2 -8 0.674510 0.635294 0.588235
v -9 1 -8 0.674510 0.635294 0.588235
v -9 2 -8 0.674510 0.635294 0.588235
v -8 1 -8 0.674510 0.635294 0.588235
v -8 2 -8 0.674510 0.635294 0.588235
v -7 1 -8 0.674510 0.635294 0.588235
v -7 2 -8 0.674510 0.635294 0.588235
v -6 1 -8 0.674510 0.635294 0.588235
v -6 2 -8 0.674510 0.635294 0.588235
v -5 1 -8 0.674510 0.635294 0.588235
v -5 2 -8 0.674510 0.635294 0.588235
v -4 1 -8 0.674510 0.635294 0.588235
v -4 2 -8 0.674510 0.635294 0.588235
v -3 1 -8 0.674510 0.635294 0.588235
v -3 2 -8 0.674510 0.635294 0.588235
v -2 1 -8 0.674510 0.635294 0.588235
v -2 2 -8 0.674510 0.635294 0.588235
v -1 1 -8 0.674510 0.635294 0.588235
v -1 2 -8 0.674510 0.635294 0.588235
v 0 1 -8 0.674510 0.635294 0.588235
v 0 2 -8 0.674510 0.635294 0.588235
v -12 1 -9 0.674510 0.635294 0.588235
v -11 1 -9 0.674510 0.635294 0.588235
v -12 2 -9 0.674510 0.635294 0.588235
v -10 1 -9 0.674510 0.635294 0.588235
v -10 2 -9 0.674510 0.635294 0.588235
v -11 2 -9 0.674510 0.635294 0.588235
v -9 1 -9 0.674510 0.635294 0.588235
v -9 2 -9 0.674510 0.635294 0.588235
v -8 1 -9 0.674510 0.635294 0.588235
v -8 2 -9 0.674510 0.635294 0.588235
v -7 1 -9 0.674510 0.635294 0.588235
v -7 2 -9 0.674510 0.635294 0.588235
v -6 1 -9 0.674510 0.635294 0.588235
v -6 2 -9 0.674510 0.635294 0.588235
v -5 1 -9 0.674510 0.635294 0.588235
v -5 2 -9 0.674510 0.635294 0.588235
v -4 1 -9 0.674510 0.635294 0.588235
v -4 2 -9 0.674510 0.635294 0.588235
v -3 1 -9 0.674510 0.635294 0.588235
v -3 2 -9 0.674510 0.635294 0.588235
v -2 1 -9 0.674510 0.635294 0.588235
v -2 2 -9 0.674510 0.635294 0.588235
v -1 1 -9 0.674510 0.635294 0.588235
v -1 2 -9 0.674510 0.635294 0.588235
v 0 1 -9 0.674510 0.635294 0.588235
v 0 2 -9 0.674510 0.635294 0.588235
v -11 1 -10 0.674510 0.635294 0.588235
v -12 1 -10 0.674510 0.635294 0.588235
v -12 2 -10 0.674510 0.635294 0.588235
v -11 2 -10 0.674510 0.635294 0.588235
v -10 1 -10 0.674510 0.635294 0.588235
v -10 2 -10 0.674510 0.635294 0.588235
v -9 1 -10 0.674510 0.635294 0.588235
v -9 2 -10 0.674510 0.635294 0.588235
v -8 1 -10 0.674510 0.635294 0.588235
v -8 2 -10 0.674510 0.635294 0.588235
v -7 1 -10 0.674510 0.635294 0.588235
v -7 2 -10 0.674510 0.635294 0.588235
v -6 1 -10 0.674510 0.635294 0.588235
v -6 2 -10 0.674510 0.635294 0.588235
v -5 1 -10 0.674510 0.635294 0.588235
v -5 2 -10 0.674510 0.635294 0.588235
v -4 1 -10 0.674510 0.635294 0.588235
v -4 2 -10 0.674510 0.635294 0.588235
v -3 1 -10 0.674510 0.635294 0.588235
v -3 2 -10 0.674510 0.635294 0.588235
v -2 1 -10 0.674510 0.635294 0.588235
v -2 2 -10 0.674510 0.635294 0.588235
v -1 1 -10 0.674510 0.635294 0.588235
v -1 2 -10 0.674510 0.635294 0.588235
v 0 1 -10 0.674510 0.635294 0.588235
v 0 2 -10 0.674510 0.635294 0.588235
v -11 2 0 0.784314 0.784314 0.823529
v -11 2 -1 0.784314 0.784314 0.823529
v -11 3 -1 0.784314 0.784314 0.823529
v -11 3 0 0.784314 0.784314 0.823529
v -12 2 0 0.784314 0.784314 0.823529
v -12 3 0 0.784314 0.784314 0.823529
v -12 3 -1 0.784314 0.784314 0.823529
v -12 2 -1 0.784314 0.784314 0.823529
v -11 2 -2 0.784314 0.784314 0.823529
v -11 3 -2 0.784314 0.784314 0.823529
v -12 3 -2 0.784314 0.784314 0.823529
v -12 2 -2 0.784314 0.784314 0.823529
v -11 2 -3 0.784314 0.784314 0.823529
v -11 3 -3 0.784314 0.784314 0.823529
v -12 3 -3 0.784314 0.784314 0.823529
v -12 2 -3 0.784314 0.784314 0.823529
v -11 2 -4 0.784314 0.784314 0.823529
v -11 3 -4 0.784314 0.784314 0.823529
v -12 3 -4 0.784314 0.784314 0.823529
v -12 2 -4 0.784314 0.784314 0.823529
v -11 2 -5 0.784314 0.784314 0.823529
v -11 3 -5 0.784314 0.784314 0.823529
v -12 3 -5 0.784314 0.784314 0.823529
v -12 2 -5 0.784314 0.784314 0.823529
v -11 2 -6 0.784314 0.784314 0.823529
v -11 3 -6 0.784314 0.784314 0.823529
v -12 3 -6 0.784314 0.784314 0.823529
v -12 2 -6 0.784314 0.784314 0.823529
v -11 2 -7 0.784314 0.784314 0.823529
v -11 3 -7 0.784314 0.784314 0.823529
v -12 3 -7 0.784314 0.784314 0.823529
v -12 2 -7 0.784314 0.784314 0.823529
v -11 2 -8 0.784314 0.784314 0.823529
v -11 3 -8 0.784314 0.784314 0.823529
v -12 3 -8 0.784314 0.784314 0.823529
v -12 2 -8 0.784314 0.784314 0.823529
v -11 2 -9 0.784314 0.784314 0.823529
v -11 3 -9 0.784314 0.784314 0.823529
v -12 3 -9 0.784314 0.784314 0.823529
v -12 2 -9 0.784314 0.784314 0.823529
v -11 2 -10 0.784314 0.784314 0.823529
v -12 2 -10 0.784314 0.784314 0.823529
v -12 3 -10 0.784314 0.784314 0.823529
v -11 3 -10 0.784314 0.784314 0.823529
v -10 2 -9 0.784314 0.784314 0.823529
v -10 3 -9 0.784314 0.784314 0.823529
v -10 2 -10 0.784314 0.784314 0.823529
v -10 3 -10 0.784314 0.784314 0.823529
v -9 2 -9 0.784314 0.784314 0.823529
v -9 3 -9 0.784314 0.784314 0.823529
v -9 2 -10 0.784314 0.784314 0.823529
v -9 3 -10 0.784314 0.784314 0.823529
v -8 2 -9 0.784314 0.784314 0.823529
v -8 3 -9 0.784314 0.784314 0.823529
v -8 2 -10 0.784314 0.784314 0.823529
v -8 3 -10 0.784314 0.784314 0.823529
v -7 2 -9 0.784314 0.784314 0.823529
v -7 3 -9 0.784314 0.784314 0.823529
v -7 2 -10 0.784314 0.784314 0.823529
v -7 3 -10 0.784314 0.784314 0.823529
v -6 2 -9 0.784314 0.784314 0.823529
v -6 3 -9 0.784314 0.784314 0.823529
v -6 2 -10 0.784314 0.784314 0.823529
v -6 3 -10 0.784314 0.784314 0.823529
v -5 2 -9 0.784314 0.784314 0.823529
v -5 3 -9 0.784314 0.784314 0.823529
v -5 2 -10 0.784314 0.784314 0.823529
v -5 3 -10 0.784314 0.784314 0.823529
v -4 2 -9 0.784314 0.784314 0.823529
v -4 3 -9 0.784314 0.784314 0.823529
v -4 2 -10 0.784314 0.784314 0.823529
v -4 3 -10 0.784314 0.784314 0.823529
v -3 2 -9 0.784314 0.784314 0.823529
v -3 3 -9 0.784314 0.784314 0.823529
v -3 2 -10 0.784314 0.784314 0.823529
v -3 3 -10 0.784314 0.784314 0.823529
v -2 2 -9 0.784314 0.784314 0.823529
v -2 3 -9 0.784314 0.784314 0.823529
v -2 2 -10 0.784314 0.784314 0.823529
v -2 3 -10 0.784314 0.784314 0.823529
v -11 4 -1 0.784314 0.784314 0.823529
v -11 4 0 0.784314 0.784314 0.823529
v -12 4 0 0.784314 0.784314 0.823529
v -12 4 -1 0.784314 0.784314 0.823529
v -11 4 -2 0.784314 0.784314 0.823529
v -12 4 -2 0.784314 0.784314 0.823529
v -11 4 -3 0.784314 0.784314 0.823529
v -12 4 -3 0.784314 0.784314 0.823529
v -11 4 -4 0.784314 0.784314 0.823529
v -12 4 -4 0.784314 0.784314 0.823529
v -11 4 -5 0.784314 0.784314 0.823529
v -12 4 -5 0.784314 0.784314 0.823529
v -11 4 -6 0.784314 0.784314 0.823529
v -12 4 -6 0.784314 0.784314 0.823529
v -11 4 -7 0.784314 0.784314 0.823529
v -12 4 -7 0.784314 0.784314 0.823529
v -11 4 -8 0.784314 0.784314 0.823529
v -12 4 -8 0.784314 0.784314 0.823529
v -11 4 -9 0.784314 0.784314 0.823529
v -12 4 -9 0.784314 0.784314 0.823529
v -12 4 -10 0.784314 0.784314 0.823529
v -11 4 -10 0.784314 0.784314 0.823529
v -10 4 -9 0.784314 0.784314 0.823529
v -10 4 -10 0.784314 0.784314 0.823529
v -9 4 -9 0.784314 0.784314 0.823529
v -9 4 -10 0.784314 0.784314 0.823529
v -8 4 -9 0.784314 0.784314 0.823529
v -8 4 -10 0.784314 0.784314 0.823529
v -7 4 -9 0.784314 0.784314 0.823529
v -7 4 -10 0.784314 0.784314 0.823529
v -6 4 -9 0.784314 0.784314 0.823529
v -6 4 -10 0.784314 0.784314 0.823529
v -5 4 -9 0.784314 0.784314 0.823529
v -5 4 -10 0.784314 0.784314 0.823529
v -4 4 -9 0.784314 0.784314 0.823529
v -4 4 -10 0.784314 0.784314 0.823529
v -3 4 -9 0.784314 0.784314 0.823529
v -3 4 -10 0.784314 0.784314 0.823529
v -2 4 -9 0.784314 0.784314 0.823529
v -2 4 -10 0.784314 0.784314 0.823529
v -11 5 -1 0.784314 0.784314 0.823529
v -11 5 0 0.784314 0.784314 0.823529
v -12 5 0 0.784314 0.784314 0.823529
v -12 5 -1 0.784314 0.784314 0.823529
v -11 5 -2 0.784314 0.784314 0.823529
v -12 5 -2 0.784314 0.784314 0.823529
v -11 5 -3 0.784314 0.784314 0.823529
v -12 5 -3 0.784314 0.784314 0.823529
v -11 5 -4 0.784314 0.784314 0.823529
v -12 5 -4 0.784314 0.784314 0.823529
v -11 5 -5 0.784314 0.784314 0.823529
v -12 5 -5 0.784314 0.784314 0.823529
v -11 5 -6 0.784314 0.784314 0.823529
v -12 5 -6 0.784314 0.784314 0.823529
v -11 5 -7 0.784314 0.784314 0.823529
v -12 5 -7 0.784314 0.784314 0.823529
v -11 5 -8 0.784314 0.784314 0.823529
v -12 5 -8 0.784314 0.784314 0.823529
v -11 5 -9 0.784314 0.784314 0.823529
v -12 5 -9 0.784314 0.784314 0.823529
v -12 5 -10 0.784314 0.784314 0.823529
v -11 5 -10 0.784314 0.784314 0.823529
v -10 5 -9 0.784314 0.784314 0.823529
v -10 5 -10 0.784314 0.784314 0.823529
v -9 5 -9 0.784314 0.784314 0.823529
v -9 5 -10 0.784314 0.784314 0.823529
v -8 5 -9 0.784314 0.784314 0.823529
v -8 5 -10 0.784314 0.784314 0.823529
v -7 5 -9 0.784314 0.784314 0.823529
v -7 5 -10 0.784314 0.784314 0.823529
v -6 5 -9 0.784314 0.784314 0.823529
v -6 5 -10 0.784314 0.784314 0.823529
v -5 5 -9 0.784314 0.784314 0.823529
v -5 5 -10 0.784314 0.784314 0.823529
v -4 5 -9 0.784314 0.784314 0.823529
v -4 5 -10 0.784314 0.784314 0.823529
v -3 5 -9 0.784314 0.784314 0.823529
v -3 5 -10 0.784314 0.784314 0.823529
v -2 5 -9 0.784314 0.784314 0.823529
v -2 5 -10 0.784314 0.784314 0.823529
v -11 6 -1 0.784314 0.784314 0.823529
v -11 6 0 0.784314 0.784314 0.823529
v -12 6 0 0.784314 0.784314 0.823529
v -12 6 -1 0.784314 0.784314 0.823529
v -11 6 -2 0.784314 0.784314 0.823529
v -12 6 -2 0.784314 0.784314 0.823529
v -11 6 -3 0.784314 0.784314 0.823529
v -12 6 -3 0.784314 0.784314 0.823529
v -11 6 -4 0.784314 0.784314 0.823529
v -12 6 -4 0.784314 0.784314 0.823529
v -11 6 -5 0.784314 0.784314 0.823529
v -12 6 -5 0.784314 0.784314 0.823529
v -11 6 -6 0.784314 0.784314 0.823529
v -12 6 -6 0.784314 0.784314 0.823529
v -11 6 -7 0.784314 0.784314 0.823529
v -12 6 -7 0.784314 0.784314 0.823529
v -11 6 -8 0.784314 0.784314 0.823529
v -12 6 -8 0.784314 0.784314 0.823529
v -11 6 -9 0.784314 0.784314 0.823529
v -12 6 -9 0.784314 0.784314 0.823529
v -12 6 -10 0.784314 0.784314 0.823529
v -11 6 -10 0.784314 0.784314 0.823529
v -10 6 -9 0.784314 0.784314 0.823529
v -10 6 -10 0.784314 0.784314 0.823529
v -9 6 -9 0.784314 0.784314 0.823529
v -9 6 -10 0.784314 0.784314 0.823529
v -8 6 -9 0.784314 0.784314 0.823529
v -8 6 -10 0.784314 0.784314 0.823529
v -7 6 -9 0.784314 0.784314 0.823529
v -7 6 -10 0.784314 0.784314 0.823529
v -6 6 -9 0.784314 0.784314 0.823529
v -6 6 -10 0.784314 0.784314 0.823529
v -5 6 -9 0.784314 0.784314 0.823529
v -5 6 -10 0.784314 0.784314 0.823529
v -4 6 -9 0.784314 0.784314 0.823529
v -4 6 -10 0.784314 0.784314 0.823529
v -3 6 -9 0.784314 0.784314 0.823529
v -3 6 -10 0.784314 0.784314 0.823529
v -2 6 -9 0.784314 0.784314 0.823529
v -2 6 -10 0.784314 0.784314 0.823529
v -11 7 -1 0.784314 0.784314 0.823529
v -11 7 0 0.784314 0.784314 0.823529
v -12 7 0 0.784314 0.784314 0.823529
v -12 7 -1 0.784314 0.784314 0.823529
v -11 7 -2 0.784314 0.784314 0.823529
v -12 7 -2 0.784314 0.784314 0.823529
v -11 7 -3 0.784314 0.784314 0.823529
v -12 7 -3 0.784314 0.784314 0.823529
v -11 7 -4 0.784314 0.784314 0.823529
v -12 7 -4 0.784314 0.784314 0.823529
v -11 7 -5 0.784314 0.784314 0.823529
v -12 7 -5 0.784314 0.784314 0.823529
v -11 7 -6 0.784314 0.784314 0.823529
v -12 7 -6 0.784314 0.784314 0.823529
v -11 7 -7 0.784314 0.784314 0.823529
v -12 7 -7 0.784314 0.784314 0.823529
v -11 7 -8 0.784314 0.784314 0.823529
v -12 7 -8 0.784314 0.784314 0.823529
v -11 7 -9 0.784314 0.784314 0.823529
v -12 7 -9 0.784314 0.784314 0.823529
v -12 7 -10 0.784314 0.784314 0.823529
v -11 7 -10 0.784314 0.784314 0.823529
v -10 7 -9 0.784314 0.784314 0.823529
v -10 7 -10 0.784314 0.784314 0.823529
v -9 7 -9 0.784314 0.784314 0.823529
v -9 7 -10 0.784314 0.784314 0.823529
v -8 7 -9 0.784314 0.784314 0.823529
v -8 7 -10 0.784314 0.784314 0.823529
v -7 7 -9 0.784314 0.784314 0.823529
v -7 7 -10 0.784314 0.784314 0.823529
v -6 7 -9 0.784314 0.784314 0.823529
v -6 7 -10 0.784314 0.784314 0.823529
v -5 7 -9 0.784314 0.784314 0.823529
v -5 7 -10 0.784314 0.784314 0.823529
v -4 7 -9 0.784314 0.784314 0.823529
v -4 7 -10 0.784314 0.784314 0.823529
v -3 7 -9 0.784314 0.784314 0.823529
v -3 7 -10 0.784314 0.784314 0.823529
v -2 7 -9 0.784314 0.784314 0.823529
v -2 7 -10 0.784314 0.784314 0.823529
v -11 8 -1 0.784314 0.784314 0.823529
v -11 8 0 0.784314 0.784314 0.823529
v -12 8 0 0.784314 0.784314 0.823529
v -12 8 -1 0.784314 0.784314 0.823529
v -11 8 -2 0.784314 0.784314 0.823529
v -12 8 -2 0.784314 0.784314 0.823529
v -11 8 -3 0.784314 0.784314 0.823529
v -12 8 -3 0.784314 0.784314 0.823529
v -11 8 -4 0.784314 0.784314 0.823529
v -12 8 -4 0.784314 0.784314 0.823529
v -11 8 -5 0.784314 0.784314 0.823529
v -12 8 -5 0.784314 0.784314 0.823529
v -11 8 -6 0.784314 0.784314 0.823529
v -12 8 -6 0.784314 0.784314 0.823529
v -11 8 -7 0.784314 0.784314 0.823529
v -12 8 -7 0.784314 0.784314 0.823529
v -11 8 -8 0.784314 0.784314 0.823529
v -12 8 -8 0.784314 0.784314 0.823529
v -11 8 -9 0.784314 0.784314 0.823529
v -12 8 -9 0.784314 0.784314 0.823529
v -12 8 -10 0.784314 0.784314 0.823529
v -11 8 -10 0.784314 0.784314 0.823529
v -10 8 -9 0.784314 0.784314 0.823529
v -10 8 -10 0.784314 0.784314 0.823529
v -9 8 -9 0.784314 0.784314 0.823529
v -9 8 -10 0.784314 0.784314 0.823529
v -8 8 -9 0.784314 0.784314 0.823529
v -8 8 -10 0.784314 0.784314 0.823529
v -7 8 -9 0.784314 0.784314 0.823529
v -7 8 -10 0.784314 0.784314 0.823529
v -6 8 -9 0.784314 0.784314 0.823529
v -6 8 -10 0.784314 0.784314 0.823529
v -5 8 -9 0.784314 0.784314 0.823529
v -5 8 -10 0.784314 0.784314 0.823529
v -4 8 -9 0.784314 0.784314 0.823529
v -4 8 -10 0.784314 0.784314 0.823529
v -3 8 -9 0.784314 0.784314 0.823529
v -3 8 -10 0.784314 0.784314 0.823529
v -2 8 -9 0.784314 0.784314 0.823529
v -2 8 -10 0.784314 0.784314 0.823529
v -11 9 -1 0.784314 0.784314 0.823529
v -11 9 0 0.784314 0.784314 0.823529
v -12 9 0 0.784314 0.784314 0.823529
v -12 9 -1 0.784314 0.784314 0.823529
v -11 9 -2 0.784314 0.784314 0.823529
v -12 9 -2 0.784314 0.784314 0.823529
v -11 9 -3 0.784314 0.784314 0.823529
v -12 9 -3 0.784314 0.784314 0.823529
v -11 9 -4 0.784314 0.784314 0.823529
v -12 9 -4 0.784314 0.784314 0.823529
v -11 9 -5 0.784314 0.784314 0.823529
v -12 9 -5 0.784314 0.784314 0.823529
v -11 9 -6 0.784314 0.784314 0.823529
v -12 9 -6 0.784314 0.784314 0.823529
v -11 9 -7 0.784314 0.784314 0.823529
v -12 9 -7 0.784314 0.784314 0.823529
v -11 9 -8 0.784314 0.784314 0.823529
v -12 9 -8 0.784314 0.784314 0.823529
v -11 9 -9 0.784314 0.784314 0.823529
v -12 9 -9 0.784314 0.784314 0.823529
v -12 9 -10 0.784314 0.784314 0.823529
v -11 9 -10 0.784314 0.784314 0.823529
v -10 9 -9 0.784314 0.784314 0.823529
v -10 9 -10 0.784314 0.784314 0.823529
v -9 9 -9 0.784314 0.784314 0.823529
v -9 9 -10 0.784314 0.784314 0.823529
v -8 9 -9 0.784314 0.784314 0.823529
v -8 9 -10 0.784314 0.784314 0.823529
v -7 9 -9 0.784314 0.784314 0.823529
v -7 9 -10 0.784314 0.784314 0.823529
v -6 9 -9 0.784314 0.784314 0.823529
v -6 9 -10 0.784314 0.784314 0.823529
v -5 9 -9 0.784314 0.784314 0.823529
v -5 9 -10 0.784314 0.784314 0.823529
v -4 9 -9 0.784314 0.784314 0.823529
v -4 9 -10 0.784314 0.784314 0.823529
v -3 9 -9 0.784314 0.784314 0.823529
v -3 9 -10 0.784314 0.784314 0.823529
v -2 9 -9 0.784314 0.784314 0.823529
v -2 9 -10 0.784314 0.784314 0.823529
v -11 10 -1 0.784314 0.784314 0.823529
v -11 10 0 0.784314 0.784314 0.823529
v -12 10 0 0.784314 0.784314 0.823529
v -12 10 -1 0.784314 0.784314 0.823529
v -11 10 -2 0.784314 0.784314 0.823529
v -12 10 -2 0.784314 0.784314 0.823529
v -11 10 -3 0.784314 0.784314 0.823529
v -12 10 -3 0.784314 0.784314 0.823529
v -11 10 -4 0.784314 0.784314 0.823529
v -12 10 -4 0.784314 0.784314 0.823529
v -11 10 -5 0.784314 0.784314 0.823529
v -12 10 -5 0.784314 0.784314 0.823529
v -11 10 -6 0.784314 0.784314 0.823529
v -12 10 -6 0.784314 0.784314 0.823529
v -11 10 -7 0.784314 0.784314 0.823529
v -12 10 -7 0.784314 0.784314 0.823529
v -11 10 -8 0.784314 0.784314 0.823529
v -12 10 -8 0.784314 0.784314 0.823529
v -11 10 -9 0.784314 0.784314 0.823529
v -12 10 -9 0.784314 0.784314 0.823529
v -12 10 -10 0.784314 0.784314 0.823529
v -11 10 -10 0.784314 0.784314 0.823529
v -10 10 -9 0.784314 0.784314 0.823529
v -10 10 -10 0.784314 0.784314 0.823529
v -9 10 -9 0.784314 0.784314 0.823529
v -9 10 -10 0.784314 0.784314 0.823529
v -8 10 -9 0.784314 0.784314 0.823529
v -8 10 -10 0.784314 0.784314 0.823529
v -7 10 -9 0.784314 0.784314 0.823529
v -7 10 -10 0.784314 0.784314 0.823529
v -6 10 -9 0.784314 0.784314 0.823529
v -6 10 -10 0.784314 0.784314 0.823529
v -5 10 -9 0.784314 0.784314 0.823529
v -5 10 -10 0.784314 0.784314 0.823529
v -4 10 -9 0.784314 0.784314 0.823529
v -4 10 -10 0.784314 0.784314 0.823529
v -3 10 -9 0.784314 0.784314 0.823529
v -3 10 -10 0.784314 0.784314 0.823529
v -2 10 -9 0.784314 0.784314 0.823529
v -2 10 -10 0.784314 0.784314 0.823529
v -1 9 -9 0.784314 0.784314 0.823529
v -1 10 -9 0.784314 0.784314 0.823529
v -1 9 -10 0.784314 0.784314 0.823529
v -1 10 -10 0.784314 0.784314 0.823529
v 0 9 -9 0.784314 0.784314 0.823529
v 0 10 -9 0.784314 0.784314 0.823529
v 0 9 -10 0.784314 0.784314 0.823529
v 0 10 -10 0.784314 0.784314 0.823529
v -11 11 -1 0.784314 0.784314 0.823529
v -11 11 0 0.784314 0.784314 0.823529
v -12 11 0 0.784314 0.784314 0.823529
v -12 11 -1 0.784314 0.784314 0.823529
v -11 11 -2 0.784314 0.784314 0.823529
v -12 11 -2 0.784314 0.784314 0.823529
v -11 11 -3 0.784314 0.784314 0.823529
v -12 11 -3 0.784314 0.784314 0.823529
v -11 11 -4 0.784314 0.784314 0.823529
v -12 11 -4 0.784314 0.784314 0.823529
v -11 11 -5 0.784314 0.784314 0.823529
v -12 11 -5 0.784314 0.784314 0.823529
v -11 11 -6 0.784314 0.784314 0.823529
v -12 11 -6 0.784314 0.784314 0.823529
v -11 11 -7 0.784314 0.784314 0.823529
v -12 11 -7 0.784314 0.784314 0.823529
v -11 11 -8 0.784314 0.784314 0.823529
v -12 11 -8 0.784314 0.784314 0.823529
v -11 11 -9 0.784314 0.784314 0.823529
v -12 11 -9 0.784314 0.784314 0.823529
v -12 11 -10 0.784314 0.784314 0.823529
v -11 11 -10 0.784314 0.784314 0.823529
v -10 11 -9 0.784314 0.784314 0.823529
v -10 11 -10 0.784314 0.784314 0.823529
v -9 11 -9 0.784314 0.784314 0.823529
v -9 11 -10 0.784314 0.784314 0.823529
v -8 11 -9 0.784314 0.784314 0.823529
v -8 11 -10 0.784314 0.784314 0.823529
v -7 11 -9 0.784314 0.784314 0.823529
v -7 11 -10 0.784314 0.784314 0.823529
v -6 11 -9 0.784314 0.784314 0.823529
v -6 11 -10 0.784314 0.784314 0.823529
v -5 11 -9 0.784314 0.784314 0.823529
v -5 11 -10 0.784314 0.784314 0.823529
v -4 11 -9 0.784314 0.784314 0.823529
v -4 11 -10 0.784314 0.784314 0.823529
v -3 11 -9 0.784314 0.784314 0.823529
v -3 11 -10 0.784314 0.784314 0.823529
v -2 11 -9 0.784314 0.784314 0.823529
v -2 11 -10 0.784314 0.784314 0.823529
v -1 11 -9 0.784314 0.784314 0.823529
v -1 11 -10 0.784314 0.784314 0.823529
v 0 11 -9 0.784314 0.784314 0.823529
v 0 11 -10 0.784314 0.784314 0.823529
v -11 12 -1 0.784314 0.784314 0.823529
v -11 12 0 0.784314 0.784314 0.823529
v -12 12 0 0.784314 0.784314 0.823529
v -12 12 -1 0.784314 0.784314 0.823529
v -11 12 -2 0.784314 0.784314 0.823529
v -12 12 -2 0.784314 0.784314 0.823529
v -11 12 -3 0.784314 0.784314 0.823529
v -12 12 -3 0.784314 0.784314 0.823529
v -11 12 -4 0.784314 0.784314 0.823529
v -12 12 -4 0.784314 0.784314 0.823529
v -11 12 -5 0.784314 0.784314 0.823529
v -12 12 -5 0.784314 0.784314 0.823529
v -11 12 -6 0.784314 0.784314 0.823529
v -12 12 -6 0.784314 0.784314 0.823529
v -11 12 -7 0.784314 0.784314 0.823529
v -12 12 -7 0.784314 0.784314 0.823529
v -11 12 -8 0.784314 0.784314 0.823529
v -12 12 -8 0.784314 0.784314 0.823529
v -11 12 -9 0.784314 0.784314 0.823529
v -12 12 -9 0.784314 0.784314 0.823529
v -12 12 -10 0.784314 0.784314 0.823529
v -11 12 -10 0.784314 0.784314 0.823529
v -10 12 -9 0.784314 0.784314 0.823529
v -10 12 -10 0.784314 0.784314 0.823529
v -9 12 -9 0.784314 0.784314 0.823529
v -9 12 -10 0.784314 0.784314 0.823529
v -8 12 -9 0.784314 0.784314 0.823529
v -8 12 -10 0.784314 0.784314 0.823529
v -7 12 -9 0.784314 0.784314 0.823529
v -7 12 -10 0.784314 0.784314 0.823529
v -6 12 -9 0.784314 0.784314 0.823529
v -6 12 -10 0.784314 0.784314 0.823529
v -5 12 -9 0.784314 0.784314 0.823529
v -5 12 -10 0.784314 0.784314 0.823529
v -4 12 -9 0.784314 0.784314 0.823529
v -4 12 -10 0.784314 0.784314 0.823529
v -3 12 -9 0.784314 0.784314 0.823529
v -3 12 -10 0.784314 0.784314 0.823529
v -2 12 -9 0.784314 0.784314 0.823529
v -2 12 -10 0.784314 0.784314 0.823529
v -1 12 -9 0.784314 0.784314 0.823529
v -1 12 -10 0.784314 0.784314 0.823529
v 0 12 -9 0.784314 0.784314 0.823529
v 0 12 -10 0.784314 0.784314 0.823529
v -11 13 0 0.882353 0.894118 0.921569
v -11 13 -1 0.882353 0.894118 0.921569
v -12 13 -1 0.882353 0.894118 0.921569
v -12 13 0 0.882353 0.894118 0.921569
v -12 12 0 0.882353 0.894118 0.921569
v -12 12 -1 0.882353 0.894118 0.921569
v -11 12 0 0.882353 0.894118 0.921569
v -11 12 -1 0.882353 0.894118 0.921569
v -10 12 -1 0.882353 0.894118 0.921569
v -10 12 0 0.882353 0.894118 0.921569
v -10 13 0 0.882353 0.894118 0.921569
v -10 13 -1 0.882353 0.894118 0.921569
v -9 12 -1 0.882353 0.894118 0.921569
v -9 12 0 0.882353 0.894118 0.921569
v -9 13 0 0.882353 0.894118 0.921569
v -9 13 -1 0.882353 0.894118 0.921569
v -8 12 -1 0.882353 0.894118 0.921569
v -8 12 0 0.882353 0.894118 0.921569
v -8 13 0 0.882353 0.894118 0.921569
v -8 13 -1 0.882353 0.894118 0.921569
v -7 12 -1 0.882353 0.894118 0.921569
v -7 12 0 0.882353 0.894118 0.921569
v -7 13 0 0.882353 0.894118 0.921569
v -7 13 -1 0.882353 0.894118 0.921569
v -6 12 -1 0.882353 0.894118 0.921569
v -6 12 0 0.882353 0.894118 0.921569
v -6 13 0 0.882353 0.894118 0.921569
v -6 13 -1 0.882353 0.894118 0.921569
v -5 12 -1 0.882353 0.894118 0.921569
v -5 12 0 0.882353 0.894118 0.921569
v -5 13 0 0.882353 0.894118 0.921569
v -5 13 -1 0.882353 0.894118 0.921569
v -4 12 -1 0.882353 0.894118 0.921569
v -4 12 0 0.882353 0.894118 0.921569
v -4 13 0 0.882353 0.894118 0.921569
v -4 13 -1 0.882353 0.894118 0.921569
v -3 12 -1 0.882353 0.894118 0.921569
v -3 12 0 0.882353 0.894118 0.921569
v -3 13 0 0.882353 0.894118 0.921569
v -3 13 -1 0.882353 0.894118 0.921569
v -2 12 -1 0.882353 0.894118 0.921569
v -2 12 0 0.882353 0.894118 0.921569
v -2 13 0 0.882353 0.894118 0.921569
v -2 13 -1 0.882353 0.894118 0.921569
v -1 12 -1 0.882353 0.894118 0.921569
v -1 12 0 0.882353 0.894118 0.921569
v -1 13 0 0.882353 0.894118 0.921569
v -1 13 -1 0.882353 0.894118 0.921569
v 0 12 -1 0.882353 0.894118 0.921569
v 0 12 0 0.882353 0.894118 0.921569
v 0 13 0 0.882353 0.894118 0.921569
v 0 13 -1 0.882353 0.894118 0.921569
v -11 13 -2 0.882353 0.894118 0.921569
v -12 13 -2 0.882353 0.894118 0.921569
v -12 12 -2 0.882353 0.894118 0.921569
v -11 12 -2 0.882353 0.894118 0.921569
v -10 12 -2 0.882353 0.894118 0.921569
v -10 13 -2 0.882353 0.894118 0.921569
v -9 12 -2 0.882353 0.894118 0.921569
v -9 13 -2 0.882353 0.894118 0.921569
v -8 12 -2 0.882353 0.894118 0.921569
v -8 13 -2 0.882353 0.894118 0.921569
v -7 12 -2 0.882353 0.894118 0.921569
v -7 13 -2 0.882353 0.894118 0.921569
v -6 12 -2 0.882353 0.894118 0.921569
v -6 13 -2 0.882353 0.894118 0.921569
v -5 12 -2 0.882353 0.894118 0.921569
v -5 13 -2 0.882353 0.894118 0.921569
v -4 12 -2 0.882353 0.894118 0.921569
v -4 13 -2 0.882353 0.894118 0.921569
v -3 12 -2 0.882353 0.894118 0.921569
v -3 13 -2 0.882353 0.894118 0.921569
v -2 12 -2 0.882353 0.894118 0.921569
v -2 13 -2 0.882353 0.894118 0.921569
v -1 12 -2 0.882353 0.894118 0.921569
v -1 13 -2 0.882353 0.894118 0.921569
v 0 12 -2 0.882353 0.894118 0.921569
v 0 13 -2 0.882353 0.894118 0.921569
v -11 13 -3 0.882353 0.894118 0.921569
v -12 13 -3 0.882353 0.894118 0.921569
v -12 12 -3 0.882353 0.894118 0.921569
v -11 12 -3 0.882353 0.894118 0.921569
v -10 12 -3 0.882353 0.894118 0.921569
v -10 13 -3 0.882353 0.894118 0.921569
v -9 12 -3 0.882353 0.894118 0.921569
v -9 13 -3 0.882353 0.894118 0.921569
v -8 12 -3 0.882353 0.894118 0.921569
v -8 13 -3 0.882353 0.894118 0.921569
v -7 12 -3 0.882353 0.894118 0.921569
v -7 13 -3 0.882353 0.894118 0.921569
v -6 12 -3 0.882353 0.894118 0.921569
v -6 13 -3 0.882353 0.894118 0.921569
v -5 12 -3 0.882353 0.894118 0.921569
v -5 13 -3 0.882353 0.894118 0.921569
v -4 12 -3 0.882353 0.894118 0.921569
v -4 13 -3 0.882353 0.894118 0.921569
v -3 12 -3 0.882353 0.894118 0.921569
v -3 13 -3 0.882353 0.894118 0.921569
v -2 12 -3 0.882353 0.894118 0.921569
v -2 13 -3 0.882353 0.894118 0.921569
v -1 12 -3 0.882353 0.894118 0.921569
v -1 13 -3 0.882353 0.894118 0.921569
v 0 12 -3 0.882353 0.894118 0.921569
v 0 13 -3 0.882353 0.894118 0.921569
v -11 13 -4 0.882353 0.894118 0.921569
v -12 13 -4 0.882353 0.894118 0.921569
v -12 12 -4 0.882353 0.894118 0.921569
v -11 12 -4 0.882353 0.894118 0.921569
v -10 12 -4 0.882353 0.894118 0.921569
v -10 13 -4 0.882353 0.894118 0.921569
v -9 12 -4 0.882353 0.894118 0.921569
v -9 13 -4 0.882353 0.894118 0.921569
v -8 12 -4 0.882353 0.894118 0.921569
v -8 13 -4 0.882353 0.894118 0.921569
v -7 12 -4 0.882353 0.894118 0.921569
v -7 13 -4 0.882353 0.894118 0.921569
v -6 12 -4 0.882353 0.894118 0.921569
v -6 13 -4 0.882353 0.894118 0.921569
v -5 12 -4 0.882353 0.894118 0.921569
v -5 13 -4 0.882353 0.894118 0.921569
v -4 12 -4 0.882353 0.894118 0.921569
v -4 13 -4 0.882353 0.894118 0.921569
v -3 12 -4 0.882353 0.894118 0.921569
v -3 13 -4 0.882353 0.894118 0.921569
v -2 12 -4 0.882353 0.894118 0.921569
v -2 13 -4 0.882353 0.894118 0.921569
v -1 12 -4 0.882353 0.894118 0.921569
v -1 13 -4 0.882353 0.894118 0.921569
v 0 12 -4 0.882353 0.894118 0.921569
v 0 13 -4 0.882353 0.894118 0.921569
v -11 13 -5 0.882353 0.894118 0.921569
v -12 13 -5 0.882353 0.894118 0.921569
v -12 12 -5 0.882353 0.894118 0.921569
v -11 12 -5 0.882353 0.894118 0.921569
v -10 12 -5 0.882353 0.894118 0.921569
v -10 13 -5 0.882353 0.894118 0.921569
v -9 12 -5 0.882353 0.894118 0.921569
v -9 13 -5 0.882353 0.894118 0.921569
v -8 12 -5 0.882353 0.894118 0.921569
v -8 13 -5 0.882353 0.894118 0.921569
v -7 12 -5 0.882353 0.894118 0.921569
v -7 13 -5 0.882353 0.894118 0.921569
v -6 12 -5 0.882353 0.894118 0.921569
v -6 13 -5 0.882353 0.894118 0.921569
v -5 12 -5 0.882353 0.894118 0.921569
v -5 13 -5 0.882353 0.894118 0.921569
v -4 12 -5 0.882353 0.894118 0.921569
v -4 13 -5 0.882353 0.894118 0.921569
v -3 12 -5 0.882353 0.894118 0.921569
v -3 13 -5 0.882353 0.894118 0.921569
v -2 12 -5 0.882353 0.894118 0.921569
v -2 13 -5 0.882353 0.894118 0.921569
v -1 12 -5 0.882353 0.894118 0.921569
v -1 13 -5 0.882353 0.894118 0.921569
v 0 12 -5 0.882353 0.894118 0.921569
v 0 13 -5 0.882353 0.894118 0.921569
v -11 13 -6 0.882353 0.894118 0.921569
v -12 13 -6 0.882353 0.894118 0.921569
v -12 12 -6 0.882353 0.894118 0.921569
v -11 12 -6 0.882353 0.894118 0.921569
v -10 12 -6 0.882353 0.894118 0.921569
v -10 13 -6 0.882353 0.894118 0.921569
v -9 12 -6 0.882353 0.894118 0.921569
v -9 13 -6 0.882353 0.894118 0.921569
v -8 12 -6 0.882353 0.894118 0.921569
v -8 13 -6 0.882353 0.894118 0.921569
v -7 12 -6 0.882353 0.894118 0.921569
v -7 13 -6 0.882353 0.894118 0.921569
v -6 12 -6 0.882353 0.894118 0.921569
v -6 13 -6 0.882353 0.894118 0.921569
v -5 12 -6 0.882353 0.894118 0.921569
v -5 13 -6 0.882353 0.894118 0.921569
v -4 12 -6 0.882353 0.894118 0.921569
v -4 13 -6 0.882353 0.894118 0.921569
v -3 12 -6 0.882353 0.894118 0.921569
v -3 13 -6 0.882353 0.894118 0.921569
v -2 12 -6 0.882353 0.894118 0.921569
v -2 13 -6 0.882353 0.894118 0.921569
v -1 12 -6 0.882353 0.894118 0.921569
v -1 13 -6 0.882353 0.894118 0.921569
v 0 12 -6 0.882353 0.894118 0.921569
v 0 13 -6 0.882353 0.894118 0.921569
v -11 13 -7 0.882353 0.894118 0.921569
v -12 13 -7 0.882353 0.894118 0.921569
v -12 12 -7 0.882353 0.894118 0.921569
v -11 12 -7 0.882353 0.894118 0.921569
v -10 12 -7 0.882353 0.894118 0.921569
v -10 13 -7 0.882353 0.894118 0.921569
v -9 12 -7 0.882353 0.894118 0.921569
v -9 13 -7 0.882353 0.894118 0.921569
v -8 12 -7 0.882353 0.894118 0.921569
v -8 13 -7 0.882353 0.894118 0.921569
v -7 12 -7 0.882353 0.894118 0.921569
v -7 13 -7 0.882353 0.894118 0.921569
v -6 12 -7 0.882353 0.894118 0.921569
v -6 13 -7 0.882353 0.894118 0.921569
v -5 12 -7 0.882353 0.894118 0.921569
v -5 13 -7 0.882353 0.894118 0.921569
v -4 12 -7 0.882353 0.894118 0.921569
v -4 13 -7 0.882353 0.894118 0.921569
v -3 12 -7 0.882353 0.894118 0.921569
v -3 13 -7 0.882353 0.894118 0.921569
v -2 12 -7 0.882353 0.894118 0.921569
v -2 13 -7 0.882353 0.894118 0.921569
v -1 12 -7 0.882353 0.894118 0.921569
v -1 13 -7 0.882353 0.894118 0.921569
v 0 12 -7 0.882353 0.894118 0.921569
v 0 13 -7 0.882353 0.894118 0.921569
v -11 13 -8 0.882353 0.894118 0.921569
v -12 13 -8 0.882353 0.894118 0.921569
v -12 12 -8 0.882353 0.894118 0.921569
v -11 12 -8 0.882353 0.894118 0.921569
v -10 12 -8 0.882353 0.894118 0.921569
v -10 13 -8 0.882353 0.894118 0.921569
v -9 12 -8 0.882353 0.894118 0.921569
v -9 13 -8 0.882353 0.894118 0.921569
v -8 12 -8 0.882353 0.894118 0.921569
v -8 13 -8 0.882353 0.894118 0.921569
v -7 12 -8 0.882353 0.894118 0.921569
v -7 13 -8 0.882353 0.894118 0.921569
v -6 12 -8 0.882353 0.894118 0.921569
v -6 13 -8 0.882353 0.894118 0.921569
v -5 12 -8 0.882353 0.894118 0.921569
v -5 13 -8 0.882353 0.894118 0.921569
v -4 12 -8 0.882353 0.894118 0.921569
v -4 13 -8 0.882353 0.894118 0.921569
v -3 12 -8 0.882353 0.894118 0.921569
v -3 13 -8 0.882353 0.894118 0.921569
v -2 12 -8 0.882353 0.894118 0.921569
v -2 13 -8 0.882353 0.894118 0.921569
v -1 12 -8 0.882353 0.894118 0.921569
v -1 13 -8 0.882353 0.894118 0.921569
v 0 12 -8 0.882353 0.894118 0.921569
v 0 13 -8 0.882353 0.894118 0.921569
v -11 13 -9 0.882353 0.894118 0.921569
v -12 13 -9 0.882353 0.894118 0.921569
v -12 12 -9 0.882353 0.894118 0.921569
v -11 12 -9 0.882353 0.894118 0.921569
v -10 12 -9 0.882353 0.894118 0.921569
v -10 13 -9 0.882353 0.894118 0.921569
v -9 12 -9 0.882353 0.894118 0.921569
v -9 13 -9 0.882353 0.894118 0.921569
v -8 12 -9 0.882353 0.894118 0.921569
v -8 13 -9 0.882353 0.894118 0.921569
v -7 12 -9 0.882353 0.894118 0.921569
v -7 13 -9 0.882353 0.894118 0.921569
v -6 12 -9 0.882353 0.894118 0.921569
v -6 13 -9 0.882353 0.894118 0.921569
v -5 12 -9 0.882353 0.894118 0.921569
v -5 13 -9 0.882353 0.894118 0.921569
v -4 12 -9 0.882353 0.894118 0.921569
v -4 13 -9 0.882353 0.894118 0.921569
v -3 12 -9 0.882353 0.894118 0.921569
v -3 13 -9 0.882353 0.894118 0.921569
v -2 12 -9 0.882353 0.894118 0.921569
v -2 13 -9 0.882353 0.894118 0.921569
v -1 12 -9 0.882353 0.894118 0.921569
v -1 13 -9 0.882353 0.894118 0.921569
v 0 12 -9 0.882353 0.894118 0.921569
v 0 13 -9 0.882353 0.894118 0.921569
v -11 12 -10 0.882353 0.894118 0.921569
v -12 12 -10 0.882353 0.894118 0.921569
v -12 13 -10 0.882353 0.894118 0.921569
v -11 13 -10 0.882353 0.894118 0.921569
v -10 12 -10 0.882353 0.894118 0.921569
v -10 13 -10 0.882353 0.894118 0.921569
v -9 12 -10 0.882353 0.894118 0.921569
v -9 13 -10 0.882353 0.894118 0.921569
v -8 12 -10 0.882353 0.894118 0.921569
v -8 13 -10 0.882353 0.894118 0.921569
v -7 12 -10 0.882353 0.894118 0.921569
v -7 13 -10 0.882353 0.894118 0.921569
v -6 12 -10 0.882353 0.894118 0.921569
v -6 13 -10 0.882353 0.894118 0.921569
v -5 12 -10 0.882353 0.894118 0.921569
v -5 13 -10 0.882353 0.894118 0.921569
v -4 12 -10 0.882353 0.894118 0.921569
v -4 13 -10 0.882353 0.894118 0.921569
v -3 12 -10 0.882353 0.894118 0.921569
v -3 13 -10 0.882353 0.894118 0.921569
v -2 12 -10 0.882353 0.894118 0.921569
v -2 13 -10 0.882353 0.894118 0.921569
v -1 12 -10 0.882353 0.894118 0.921569
v -1 13 -10 0.882353 0.894118 0.921569
v 0 12 -10 0.882353 0.894118 0.921569
v 0 13 -10 0.882353 0.894118 0.921569
v 1 1 -1 0.674510 0.635294 0.588235
v 1 1 0 0.674510 0.635294 0.588235
v 1 2 0 0.674510 0.635294 0.588235
v 1 2 -1 0.674510 0.635294 0.588235
v 2 1 -1 0.674510 0.635294 0.588235
v 2 1 0 0.674510 0.635294 0.588235
v 2 2 0 0.674510 0.635294 0.588235
v 2 2 -1 0.674510 0.635294 0.588235
v 3 1 -1 0.674510 0.635294 0.588235
v 3 1 0 0.674510 0.635294 0.588235
v 3 2 0 0.674510 0.635294 0.588235
v 3 2 -1 0.674510 0.635294 0.588235
v 4 1 -1 0.674510 0.635294 0.588235
v 4 1 0 0.674510 0.635294 0.588235
v 4 2 0 0.674510 0.635294 0.588235
v 4 2 -1 0.674510 0.635294 0.588235
v 5 1 -1 0.674510 0.635294 0.588235
v 5 1 0 0.674510 0.635294 0.588235
v 5 2 0 0.674510 0.635294 0.588235
v 5 2 -1 0.674510 0.635294 0.588235
v 6 1 -1 0.674510 0.635294 0.588235
v 6 1 0 0.674510 0.635294 0.588235
v 6 2 0 0.674510 0.635294 0.588235
v 6 2 -1 0.674510 0.635294 0.588235
v 7 1 -1 0.674510 0.635294 0.588235
v 7 1 0 0.674510 0.635294 0.588235
v 7 2 0 0.674510 0.635294 0.588235
v 7 2 -1 0.674510 0.635294 0.588235
v 8 1 -1 0.674510 0.635294 0.588235
v 8 1 0 0.674510 0.635294 0.588235
v 8 2 0 0.674510 0.635294 0.588235
v 8 2 -1 0.674510 0.635294 0.588235
v 9 1 -1 0.674510 0.635294 0.588235
v 9 1 0 0.674510 0.635294 0.588235
v 9 2 0 0.674510 0.635294 0.588235
v 9 2 -1 0.674510 0.635294 0.588235
v 10 1 -1 0.674510 0.635294 0.588235
v 10 1 0 0.674510 0.635294 0.588235
v 10 2 0 0.674510 0.635294 0.588235
v 10 2 -1 0.674510 0.635294 0.588235
v 11 1 -1 0.674510 0.635294 0.588235
v 11 1 0 0.674510 0.635294 0.588235
v 11 2 0 0.674510 0.635294 0.588235
v 11 2 -1 0.674510 0.635294 0.588235
v 12 1 -1 0.674510 0.635294 0.588235
v 12 1 0 0.674510 0.635294 0.588235
v 12 2 -1 0.674510 0.635294 0.588235
v 12 2 0 0.674510 0.635294 0.588235
v 0 1 -1 0.674510 0.635294 0.588235
v 1 1 -2 0.674510 0.635294 0.588235
v 1 2 -2 0.674510 0.635294 0.588235
v 0 2 -1 0.674510 0.635294 0.588235
v 2 1 -2 0.674510 0.635294 0.588235
v 2 2 -2 0.674510 0.635294 0.588235
v 3 1 -2 0.674510 0.635294 0.588235
v 3 2 -2 0.674510 0.635294 0.588235
v 4 1 -2 0.674510 0.635294 0.588235
v 4 2 -2 0.674510 0.635294 0.588235
v 5 1 -2 0.674510 0.635294 0.588235
v 5 2 -2 0.674510 0.635294 0.588235
v 6 1 -2 0.674510 0.635294 0.588235
v 6 2 -2 0.674510 0.635294 0.588235
v 7 1 -2 0.674510 0.635294 0.588235
v 7 2 -2 0.674510 0.635294 0.588235
v 8 1 -2 0.674510 0.635294 0.588235
v 8 2 -2 0.674510 0.635294 0.588235
v 9 1 -2 0.674510 0.635294 0.588235
v 9 2 -2 0.674510 0.635294 0.588235
v 10 1 -2 0.674510 0.635294 0.588235
v 10 2 -2 0.674510 0.635294 0.588235
v 11 1 -2 0.674510 0.635294 0.588235
v 11 2 -2 0.674510 0.635294 0.588235
v 12 1 -2 0.674510 0.635294 0.588235
v 12 2 -2 0.674510 0.635294 0.588235
v 0 1 -2 0.674510 0.635294 0.588235
v 1 1 -3 0.674510 0.635294 0.588235
v 1 2 -3 0.674510 0.635294 0.588235
v 0 2 -2 0.674510 0.635294 0.588235
v 2 1 -3 0.674510 0.635294 0.588235
v 2 2 -3 0.674510 0.635294 0.588235
v 3 1 -3 0.674510 0.635294 0.588235
v 3 2 -3 0.674510 0.635294 0.588235
v 4 1 -3 0.674510 0.635294 0.588235
v 4 2 -3 0.674510 0.635294 0.588235
v 5 1 -3 0.674510 0.635294 0.588235
v 5 2 -3 0.674510 0.635294 0.588235
v 6 1 -3 0.674510 0.635294 0.588235
v 6 2 -3 0.674510 0.635294 0.588235
v 7 1 -3 0.674510 0.635294 0.588235
v 7 2 -3 0.674510 0.635294 0.588235
v 8 1 -3 0.674510 0.635294 0.588235
v 8 2 -3 0.674510 0.635294 0.588235
v 9 1 -3 0.674510 0.635294 0.588235
v 9 2 -3 0.674510 0.635294 0.588235
v 10 1 -3 0.674510 0.635294 0.588235
v 10 2 -3 0.674510 0.635294 0.588235
v 11 1 -3 0.674510 0.635294 0.588235
v 11 2 -3 0.674510 0.635294 0.588235
v 12 1 -3 0.674510 0.635294 0.588235
v 12 2 -3 0.674510 0.635294 0.588235
v 0 1 -3 0.674510 0.635294 0.588235
v 1 1 -4 0.674510 0.635294 0.588235
v 1 2 -4 0.674510 0.635294 0.588235
v 0 2 -3 0.674510 0.635294 0.588235
v 2 1 -4 0.674510 0.635294 0.588235
v 2 2 -4 0.674510 0.635294 0.588235
v 3 1 -4 0.674510 0.635294 0.588235
v 3 2 -4 0.674510 0.635294 0.588235
v 4 1 -4 0.674510 0.635294 0.588235
v 4 2 -4 0.674510 0.635294 0.588235
v 5 1 -4 0.674510 0.635294 0.588235
v 5 2 -4 0.674510 0.635294 0.588235
v 6 1 -4 0.674510 0.635294 0.588235
v 6 2 -4 0.674510 0.635294 0.588235
v 7 1 -4 0.674510 0.635294 0.588235
v 7 2 -4 0.674510 0.635294 0.588235
v 8 1 -4 0.674510 0.635294 0.588235
v 8 2 -4 0.674510 0.635294 0.588235
v 9 1 -4 0.674510 0.635294 0.588235
v 9 2 -4 0.674510 0.635294 0.588235
v 10 1 -4 0.674510 0.635294 0.588235
v 10 2 -4 0.674510 0.635294 0.588235
v 11 1 -4 0.674510 0.635294 0.588235
v 11 2 -4 0.674510 0.635294 0.588235
v 12 1 -4 0.674510 0.635294 0.588235
v 12 2 -4 0.674510 0.635294 0.588235
v 0 1 -4 0.674510 0.635294 0.588235
v 1 1 -5 0.674510 0.635294 0.588235
v 1 2 -5 0.674510 0.635294 0.588235
v 0 2 -4 0.674510 0.635294 0.588235
v 2 1 -5 0.674510 0.635294 0.588235
v 2 2 -5 0.674510 0.635294 0.588235
v 3 1 -5 0.674510 0.635294 0.588235
v 3 2 -5 0.674510 0.635294 0.588235
v 4 1 -5 0.674510 0.635294 0.588235
v 4 2 -5 0.674510 0.635294 0.588235
v 5 1 -5 0.674510 0.635294 0.588235
v 5 2 -5 0.674510 0.635294 0.588235
v 6 1 -5 0.674510 0.635294 0.588235
v 6 2 -5 0.674510 0.635294 0.588235
v 7 1 -5 0.674510 0.635294 0.588235
v 7 2 -5 0.674510 0.635294 0.588235
v 8 1 -5 0.674510 0.635294 0.588235
v 8 2 -5 0.674510 0.635294 0.588235
v 9 1 -5 0.674510 0.635294 0.588235
v 9 2 -5 0.674510 0.635294 0.588235
v 10 1 -5 0.674510 0.635294 0.588235
v 10 2 -5 0.674510 0.635294 0.588235
v 11 1 -5 0.674510 0.635294 0.588235
v 11 2 -5 0.674510 0.635294 0.588235
v 12 1 -5 0.674510 0.635294 0.588235
v 12 2 -5 0.674510 0.635294 0.588235
v 0 1 -5 0.674510 0.635294 0.588235
v 1 1 -6 0.674510 0.635294 0.588235
v 1 2 -6 0.674510 0.635294 0.588235
v 0 2 -5 0.674510 0.635294 0.588235
v 2 1 -6 0.674510 0.635294 0.588235
v 2 2 -6 0.674510 0.635294 0.588235
v 3 1 -6 0.674510 0.635294 0.588235
v 3 2 -6 0.674510 0.635294 0.588235
v 4 1 -6 0.674510 0.635294 0.588235
v 4 2 -6 0.674510 0.635294 0.588235
v 5 1 -6 0.674510 0.635294 0.588235
v 5 2 -6 0.674510 0.635294 0.588235
v 6 1 -6 0.674510 0.635294 0.588235
v 6 2 -6 0.674510 0.635294 0.588235
v 7 1 -6 0.674510 0.635294 0.588235
v 7 2 -6 0.674510 0.635294 0.588235
v 8 1 -6 0.674510 0.635294 0.588235
v 8 2 -6 0.674510 0.635294 0.588235
v 9 1 -6 0.674510 0.635294 0.588235
v 9 2 -6 0.674510 0.635294 0.588235
v 10 1 -6 0.674510 0.635294 0.588235
v 10 2 -6 0.674510 0.635294 0.588235
v 11 1 -6 0.674510 0.635294 0.588235
v 11 2 -6 0.674510 0.635294 0.588235
v 12 1 -6 0.674510 0.635294 0.588235
v 12 2 -6 0.674510 0.635294 0.588235
v 0 1 -6 0.674510 0.635294 0.588235
v 1 1 -7 0.674510 0.635294 0.588235
v 1 2 -7 0.674510 0.635294 0.588235
v 0 2 -6 0.674510 0.635294 0.588235
v 2 1 -7 0.674510 0.635294 0.588235
v 2 2 -7 0.674510 0.635294 0.588235
v 3 1 -7 0.674510 0.635294 0.588235
v 3 2 -7 0.674510 0.635294 0.588235
v 4 1 -7 0.674510 0.635294 0.588235
v 4 2 -7 0.674510 0.635294 0.588235
v 5 1 -7 0.674510 0.635294 0.588235
v 5 2 -7 0.674510 0.635294 0.588235
v 6 1 -7 0.674510 0.635294 0.588235
v 6 2 -7 0.674510 0.635294 0.588235
v 7 1 -7 0.674510 0.635294 0.588235
v 7 2 -7 0.674510 0.635294 0.588235
v 8 1 -7 0.674510 0.635294 0.588235
v 8 2 -7 0.674510 0.635294 0.588235
v 9 1 -7 0.674510 0.635294 0.588235
v 9 2 -7 0.674510 0.635294 0.588235
v 10 1 -7 0.674510 0.635294 0.588235
v 10 2 -7 0.674510 0.635294 0.588235
v 11 1 -7 0.674510 0.635294 0.588235
v 11 2 -7 0.674510 0.635294 0.588235
v 12 1 -7 0.674510 0.635294 0.588235
v 12 2 -7 0.674510 0.635294 0.588235
v 0 1 -7 0.674510 0.635294 0.588235
v 1 1 -8 0.674510 0.635294 0.588235
v 1 2 -8 0.674510 0.635294 0.588235
v 0 2 -7 0.674510 0.635294 0.588235
v 2 1 -8 0.674510 0.635294 0.588235
v 2 2 -8 0.674510 0.635294 0.588235
v 3 1 -8 0.674510 0.635294 0.588235
v 3 2 -8 0.674510 0.635294 0.588235
v 4 1 -8 0.674510 0.635294 0.588235
v 4 2 -8 0.674510 0.635294 0.588235
v 5 1 -8 0.674510 0.635294 0.588235
v 5 2 -8 0.674510 0.635294 0.588235
v 6 1 -8 0.674510 0.635294 0.588235
v 6 2 -8 0.674510 0.635294 0.588235
v 7 1 -8 0.674510 0.635294 0.588235
v 7 2 -8 0.674510 0.635294 0.588235
v 8 1 -8 0.674510 0.635294 0.588235
v 8 2 -8 0.674510 0.635294 0.588235
v 9 1 -8 0.674510 0.635294 0.588235
v 9 2 -8 0.674510 0.635294 0.588235
v 10 1 -8 0.674510 0.635294 0.588235
v 10 2 -8 0.674510 0.635294 0.588235
v 11 1 -8 0.674510 0.635294 0.588235
v 11 2 -8 0.674510 0.635294 0.588235
v 12 1 -8 0.674510 0.635294 0.588235
v 12 2 -8 0.674510 0.635294 0.588235
v 0 1 -8 0.674510 0.635294 0.588235
v 1 1 -9 0.674510 0.635294 0.588235
v 1 2 -9 0.674510 0.635294 0.588235
v 0 2 -8 0.674510 0.635294 0.588235
v 2 1 -9 0.674510 0.635294 0.588235
v 2 2 -9 0.674510 0.635294 0.588235
v 3 1 -9 0.674510 0.635294 0.588235
v 3 2 -9 0.674510 0.635294 0.588235
v 4 1 -9 0.674510 0.635294 0.588235
v 4 2 -9 0.674510 0.635294 0.588235
v 5 1 -9 0.674510 0.635294 0.588235
v 5 2 -9 0.674510 0.635294 0.588235
v 6 1 -9 0.674510 0.635294 0.588235
v 6 2 -9 0.674510 0.635294 0.588235
v 7 1 -9 0.674510 0.635294 0.588235
v 7 2 -9 0.674510 0.635294 0.588235
v 8 1 -9 0.674510 0.635294 0.588235
v 8 2 -9 0.674510 0.635294 0.588235
v 9 1 -9 0.674510 0.635294 0.588235
v 9 2 -9 0.674510 0.635294 0.588235
v 10 1 -9 0.674510 0.635294 0.588235
v 10 2 -9 0.674510 0.635294 0.588235
v 11 1 -9 0.674510 0.635294 0.588235
v 11 2 -9 0.674510 0.635294 0.588235
v 12 1 -9 0.674510 0.635294 0.588235
v 12 2 -9 0.674510 0.635294 0.588235
v 1 1 -10 0.674510 0.635294 0.588235
v 1 2 -10 0.674510 0.635294 0.588235
v 0 1 -9 0.674510 0.635294 0.588235
v 0 2 -9 0.674510 0.635294 0.588235
v 2 1 -10 0.674510 0.635294 0.588235
v 2 2 -10 0.674510 0.635294 0.588235
v 3 1 -10 0.674510 0.635294 0.588235
v 3 2 -10 0.674510 0.635294 0.588235
v 4 1 -10 0.674510 0.635294 0.588235
v 4 2 -10 0.674510 0.635294 0.588235
v 5 1 -10 0.674510 0.635294 0.588235
v 5 2 -10 0.674510 0.635294 0.588235
v 6 1 -10 0.674510 0.635294 0.588235
v 6 2 -10 0.674510 0.635294 0.588235
v 7 1 -10 0.674510 0.635294 0.588235
v 7 2 -10 0.674510 0.635294 0.588235
v 8 1 -10 0.674510 0.635294 0.588235
v 8 2 -10 0.674510 0.635294 0.588235
v 9 1 -10 0.674510 0.635294 0.588235
v 9 2 -10 0.674510 0.635294 0.588235
v 10 1 -10 0.674510 0.635294 0.588235
v 10 2 -10 0.674510 0.635294 0.588235
v 11 1 -10 0.674510 0.635294 0.588235
v 11 2 -10 0.674510 0.635294 0.588235
v 12 1 -10 0.674510 0.635294 0.588235
v 12 2 -10 0.674510 0.635294 0.588235
v 12 2 0 0.784314 0.784314 0.823529
v 12 2 -1 0.784314 0.784314 0.823529
v 12 3 -1 0.784314 0.784314 0.823529
v 12 3 0 0.784314 0.784314 0.823529
v 11 2 0 0.784314 0.784314 0.823529
v 11 3 0 0.784314 0.784314 0.823529
v 11 3 -1 0.784314 0.784314 0.823529
v 11 2 -1 0.784314 0.784314 0.823529
v 12 2 -2 0.784314 0.784314 0.823529
v 12 3 -2 0.784314 0.784314 0.823529
v 11 3 -2 0.784314 0.784314 0.823529
v 11 2 -2 0.784314 0.784314 0.823529
v 12 2 -3 0.784314 0.784314 0.823529
v 12 3 -3 0.784314 0.784314 0.823529
v 11 3 -3 0.784314 0.784314 0.823529
v 11 2 -3 0.784314 0.784314 0.823529
v 12 2 -4 0.784314 0.784314 0.823529
v 12 3 -4 0.784314 0.784314 0.823529
v 11 3 -4 0.784314 0.784314 0.823529
v 11 2 -4 0.784314 0.784314 0.823529
v 12 2 -5 0.784314 0.784314 0.823529
v 12 3 -5 0.784314 0.784314 0.823529
v 11 3 -5 0.784314 0.784314 0.823529
v 11 2 -5 0.784314 0.784314 0.823529
v 12 2 -6 0.784314 0.784314 0.823529
v 12 3 -6 0.784314 0.784314 0.823529
v 11 3 -6 0.784314 0.784314 0.823529
v 11 2 -6 0.784314 0.784314 0.823529
v 12 2 -7 0.784314 0.784314 0.823529
v 12 3 -7 0.784314 0.784314 0.823529
v 11 3 -7 0.784314 0.784314 0.823529
v 11 2 -7 0.784314 0.784314 0.823529
v 12 2 -8 0.784314 0.784314 0.823529
v 12 3 -8 0.784314 0.784314 0.823529
v 11 3 -8 0.784314 0.784314 0.823529
v 11 2 -8 0.784314 0.784314 0.823529
v 12 2 -9 0.784314 0.784314 0.823529
v 12 3 -9 0.784314 0.784314 0.823529
v 11 3 -9 0.784314 0.784314 0.823529
v 11 2 -9 0.784314 0.784314 0.823529
v 2 2 -9 0.784314 0.784314 0.823529
v 3 2 -9 0.784314 0.784314 0.823529
v 3 3 -9 0.784314 0.784314 0.823529
v 2 3 -9 0.784314 0.784314 0.823529
v 3 2 -10 0.784314 0.784314 0.823529
v 2 2 -10 0.784314 0.784314 0.823529
v 2 3 -10 0.784314 0.784314 0.823529
v 3 3 -10 0.784314 0.784314 0.823529
v 4 2 -9 0.784314 0.784314 0.823529
v 4 3 -9 0.784314 0.784314 0.823529
v 4 2 -10 0.784314 0.784314 0.823529
v 4 3 -10 0.784314 0.784314 0.823529
v 5 2 -9 0.784314 0.784314 0.823529
v 5 3 -9 0.784314 0.784314 0.823529
v 5 2 -10 0.784314 0.784314 0.823529
v 5 3 -10 0.784314 0.784314 0.823529
v 6 2 -9 0.784314 0.784314 0.823529
v 6 3 -9 0.784314 0.784314 0.823529
v 6 2 -10 0.784314 0.784314 0.823529
v 6 3 -10 0.784314 0.784314 0.823529
v 7 2 -9 0.784314 0.784314 0.823529
v 7 3 -9 0.784314 0.784314 0.823529
v 7 2 -10 0.784314 0.784314 0.823529
v 7 3 -10 0.784314 0.784314 0.823529
v 8 2 -9 0.784314 0.784314 0.823529
v 8 3 -9 0.784314 0.784314 0.823529
v 8 2 -10 0.784314 0.784314 0.823529
v 8 3 -10 0.784314 0.784314 0.823529
v 9 2 -9 0.784314 0.784314 0.823529
v 9 3 -9 0.784314 0.784314 0.823529
v 9 2 -10 0.784314 0.784314 0.823529
v 9 3 -10 0.784314 0.784314 0.823529
v 10 2 -9 0.784314 0.784314 0.823529
v 10 3 -9 0.784314 0.784314 0.823529
v 10 2 -10 0.784314 0.784314 0.823529
v 10 3 -10 0.784314 0.784314 0.823529
v 11 2 -10 0.784314 0.784314 0.823529
v 11 3 -10 0.784314 0.784314 0.823529
v 12 2 -10 0.784314 0.784314 0.823529
v 12 3 -10 0.784314 0.784314 0.823529
v 12 4 -1 0.784314 0.784314 0.823529
v 12 4 0 0.784314 0.784314 0.823529
v 11 4 0 0.784314 0.784314 0.823529
v 11 4 -1 0.784314 0.784314 0.823529
v 12 4 -2 0.784314 0.784314 0.823529
v 11 4 -2 0.784314 0.784314 0.823529
v 12 4 -3 0.784314 0.784314 0.823529
v 11 4 -3 0.784314 0.784314 0.823529
v 12 4 -4 0.784314 0.784314 0.823529
v 11 4 -4 0.784314 0.784314 0.823529
v 12 4 -5 0.784314 0.784314 0.823529
v 11 4 -5 0.784314 0.784314 0.823529
v 12 4 -6 0.784314 0.784314 0.823529
v 11 4 -6 0.784314 0.784314 0.823529
v 12 4 -7 0.784314 0.784314 0.823529
v 11 4 -7 0.784314 0.784314 0.823529
v 12 4 -8 0.784314 0.784314 0.823529
v 11 4 -8 0.784314 0.784314 0.823529
v 12 4 -9 0.784314 0.784314 0.823529
v 11 4 -9 0.784314 0.784314 0.823529
v 3 4 -9 0.784314 0.784314 0.823529
v 2 4 -9 0.784314 0.784314 0.823529
v 2 4 -10 0.784314 0.784314 0.823529
v 3 4 -10 0.784314 0.784314 0.823529
v 4 4 -9 0.784314 0.784314 0.823529
v 4 4 -10 0.784314 0.784314 0.823529
v 5 4 -9 0.784314 0.784314 0.823529
v 5 4 -10 0.784314 0.784314 0.823529
v 6 4 -9 0.784314 0.784314 0.823529
v 6 4 -10 0.784314 0.784314 0.823529
v 7 4 -9 0.784314 0.784314 0.823529
v 7 4 -10 0.784314 0.784314 0.823529
v 8 4 -9 0.784314 0.784314 0.823529
v 8 4 -10 0.784314 0.784314 0.823529
v 9 4 -9 0.784314 0.784314 0.823529
v 9 4 -10 0.784314 0.784314 0.823529
v 10 4 -9 0.784314 0.784314 0.823529
v 10 4 -10 0.784314 0.784314 0.823529
v 11 4 -10 0.784314 0.784314 0.823529
v 12 4 -10 0.784314 0.784314 0.823529
v 12 5 -1 0.784314 0.784314 0.823529
v 12 5 0 0.784314 0.784314 0.823529
v 11 5 0 0.784314 0.784314 0.823529
v 11 5 -1 0.784314 0.784314 0.823529
v 12 5 -2 0.784314 0.784314 0.823529
v 11 5 -2 0.784314 0.784314 0.823529
v 12 5 -3 0.784314 0.784314 0.823529
v 11 5 -3 0.784314 0.784314 0.823529
v 12 5 -4 0.784314 0.784314 0.823529
v 11 5 -4 0.784314 0.784314 0.823529
v 12 5 -5 0.784314 0.784314 0.823529
v 11 5 -5 0.784314 0.784314 0.823529
v 12 5 -6 0.784314 0.784314 0.823529
v 11 5 -6 0.784314 0.784314 0.823529
v 12 5 -7 0.784314 0.784314 0.823529
v 11 5 -7 0.784314 0.784314 0.823529
v 12 5 -8 0.784314 0.784314 0.823529
v 11 5 -8 0.784314 0.784314 0.823529
v 12 5 -9 0.784314 0.784314 0.823529
v 11 5 -9 0.784314 0.784314 0.823529
v 3 5 -9 0.784314 0.784314 0.823529
v 2 5 -9 0.784314 0.784314 0.823529
v 2 5 -10 0.784314 0.784314 0.823529
v 3 5 -10 0.784314 0.784314 0.823529
v 4 5 -9 0.784314 0.784314 0.823529
v 4 5 -10 0.784314 0.784314 0.823529
v 5 5 -9 0.784314 0.784314 0.823529
v 5 5 -10 0.784314 0.784314 0.823529
v 6 5 -9 0.784314 0.784314 0.823529
v 6 5 -10 0.784314 0.784314 0.823529
v 7 5 -9 0.784314 0.784314 0.823529
v 7 5 -10 0.784314 0.784314 0.823529
v 8 5 -9 0.784314 0.784314 0.823529
v 8 5 -10 0.784314 0.784314 0.823529
v 9 5 -9 0.784314 0.784314 0.823529
v 9 5 -10 0.784314 0.784314 0.823529
v 10 5 -9 0.784314 0.784314 0.823529
v 10 5 -10 0.784314 0.784314 0.823529
v 11 5 -10 0.784314 0.784314 0.823529
v 12 5 -10 0.784314 0.784314 0.823529
v 12 6 0 0.784314 0.784314 0.823529
v 12 6 -1 0.784314 0.784314 0.823529
v 11 6 -1 0.784314 0.784314 0.823529
v 11 6 0 0.784314 0.784314 0.823529
v 12 6 -2 0.784314 0.784314 0.823529
v 11 6 -2 0.784314 0.784314 0.823529
v 12 6 -3 0.784314 0.784314 0.823529
v 11 6 -3 0.784314 0.784314 0.823529
v 12 6 -4 0.784314 0.784314 0.823529
v 11 6 -4 0.784314 0.784314 0.823529
v 12 6 -5 0.784314 0.784314 0.823529
v 11 6 -5 0.784314 0.784314 0.823529
v 12 6 -6 0.784314 0.784314 0.823529
v 11 6 -6 0.784314 0.784314 0.823529
v 12 6 -7 0.784314 0.784314 0.823529
v 11 6 -7 0.784314 0.784314 0.823529
v 12 6 -8 0.784314 0.784314 0.823529
v 11 6 -8 0.784314 0.784314 0.823529
v 12 6 -9 0.784314 0.784314 0.823529
v 11 6 -9 0.784314 0.784314 0.823529
v 3 6 -9 0.784314 0.784314 0.823529
v 2 6 -9 0.784314 0.784314 0.823529
v 2 6 -10 0.784314 0.784314 0.823529
v 3 6 -10 0.784314 0.784314 0.823529
v 4 6 -9 0.784314 0.784314 0.823529
v 4 6 -10 0.784314 0.784314 0.823529
v 5 6 -9 0.784314 0.784314 0.823529
v 5 6 -10 0.784314 0.784314 0.823529
v 6 6 -9 0.784314 0.784314 0.823529
v 6 6 -10 0.784314 0.784314 0.823529
v 7 6 -9 0.784314 0.784314 0.823529
v 7 6 -10 0.784314 0.784314 0.823529
v 8 6 -9 0.784314 0.784314 0.823529
v 8 6 -10 0.784314 0.784314 0.823529
v 9 6 -9 0.784314 0.784314 0.823529
v 9 6 -10 0.784314 0.784314 0.823529
v 10 6 -9 0.784314 0.784314 0.823529
v 10 6 -10 0.784314 0.784314 0.823529
v 11 6 -10 0.784314 0.784314 0.823529
v 12 6 -10 0.784314 0.784314 0.823529
v 12 7 -5 0.784314 0.784314 0.823529
v 11 7 -5 0.784314 0.784314 0.823529
v 12 7 -6 0.784314 0.784314 0.823529
v 11 7 -6 0.784314 0.784314 0.823529
v 12 7 -7 0.784314 0.784314 0.823529
v 11 7 -7 0.784314 0.784314 0.823529
v 12 7 -8 0.784314 0.784314 0.823529
v 11 7 -8 0.784314 0.784314 0.823529
v 12 7 -9 0.784314 0.784314 0.823529
v 11 7 -9 0.784314 0.784314 0.823529
v 3 7 -9 0.784314 0.784314 0.823529
v 2 7 -9 0.784314 0.784314 0.823529
v 2 7 -10 0.784314 0.784314 0.823529
v 3 7 -10 0.784314 0.784314 0.823529
v 4 7 -9 0.784314 0.784314 0.823529
v 4 7 -10 0.784314 0.784314 0.823529
v 5 7 -9 0.784314 0.784314 0.823529
v 5 7 -10 0.784314 0.784314 0.823529
v 6 7 -9 0.784314 0.784314 0.823529
v 6 7 -10 0.784314 0.784314 0.823529
v 7 7 -9 0.784314 0.784314 0.823529
v 7 7 -10 0.784314 0.784314 0.823529
v 8 7 -9 0.784314 0.784314 0.823529
v 8 7 -10 0.784314 0.784314 0.823529
v 9 7 -9 0.784314 0.784314 0.823529
v 9 7 -10 0.784314 0.784314 0.823529
v 10 7 -9 0.784314 0.784314 0.823529
v 10 7 -10 0.784314 0.784314 0.823529
v 11 7 -10 0.784314 0.784314 0.823529
v 12 7 -10 0.784314 0.784314 0.823529
v 12 8 -5 0.784314 0.784314 0.823529
v 11 8 -5 0.784314 0.784314 0.823529
v 12 8 -6 0.784314 0.784314 0.823529
v 11 8 -6 0.784314 0.784314 0.823529
v 12 8 -7 0.784314 0.784314 0.823529
v 11 8 -7 0.784314 0.784314 0.823529
v 12 8 -8 0.784314 0.784314 0.823529
v 11 8 -8 0.784314 0.784314 0.823529
v 12 8 -9 0.784314 0.784314 0.823529
v 11 8 -9 0.784314 0.784314 0.823529
v 3 8 -9 0.784314 0.784314 0.823529
v 2 8 -9 0.784314 0.784314 0.823529
v 2 8 -10 0.784314 0.784314 0.823529
v 3 8 -10 0.784314 0.784314 0.823529
v 4 8 -9 0.784314 0.784314 0.823529
v 4 8 -10 0.784314 0.784314 0.823529
v 5 8 -9 0.784314 0.784314 0.823529
v 5 8 -10 0.784314 0.784314 0.823529
v 6 8 -9 0.784314 0.784314 0.823529
v 6 8 -10 0.784314 0.784314 0.823529
v 7 8 -9 0.784314 0.784314 0.823529
v 7 8 -10 0.784314 0.784314 0.823529
v 8 8 -9 0.784314 0.784314 0.823529
v 8 8 -10 0.784314 0.784314 0.823529
v 9 8 -9 0.784314 0.784314 0.823529
v 9 8 -10 0.784314 0.784314 0.823529
v 10 8 -9 0.784314 0.784314 0.823529
v 10 8 -10 0.784314 0.784314 0.823529
v 11 8 -10 0.784314 0.784314 0.823529
v 12 8 -10 0.784314 0.784314 0.823529
v 12 9 -5 0.784314 0.784314 0.823529
v 11 9 -5 0.784314 0.784314 0.823529
v 12 9 -6 0.784314 0.784314 0.823529
v 11 9 -6 0.784314 0.784314 0.823529
v 12 9 -7 0.784314 0.784314 0.823529
v 11 9 -7 0.784314 0.784314 0.823529
v 12 9 -8 0.784314 0.784314 0.823529
v 11 9 -8 0.784314 0.784314 0.823529
v 12 9 -9 0.784314 0.784314 0.823529
v 11 9 -9 0.784314 0.784314 0.823529
v 3 9 -9 0.784314 0.784314 0.823529
v 2 9 -9 0.784314 0.784314 0.823529
v 2 9 -10 0.784314 0.784314 0.823529
v 3 9 -10 0.784314 0.784314 0.823529
v 4 9 -9 0.784314 0.784314 0.823529
v 4 9 -10 0.784314 0.784314 0.823529
v 5 9 -9 0.784314 0.784314 0.823529
v 5 9 -10 0.784314 0.784314 0.823529
v 6 9 -9 0.784314 0.784314 0.823529
v 6 9 -10 0.784314 0.784314 0.823529
v 7 9 -9 0.784314 0.784314 0.823529
v 7 9 -10 0.784314 0.784314 0.823529
v 8 9 -9 0.784314 0.784314 0.823529
v 8 9 -10 0.784314 0.784314 0.823529
v 9 9 -9 0.784314 0.784314 0.823529
v 9 9 -10 0.784314 0.784314 0.823529
v 10 9 -9 0.784314 0.784314 0.823529
v 10 9 -10 0.784314 0.784314 0.823529
v 11 9 -10 0.784314 0.784314 0.823529
v 12 9 -10 0.784314 0.784314 0.823529
v 11 9 0 0.784314 0.784314 0.823529
v 11 9 -1 0.784314 0.784314 0.823529
v 12 9 -1 0.784314 0.784314 0.823529
v 12 9 0 0.784314 0.784314 0.823529
v 12 10 -1 0.784314 0.784314 0.823529
v 12 10 0 0.784314 0.784314 0.823529
v 11 10 0 0.784314 0.784314 0.823529
v 11 10 -1 0.784314 0.784314 0.823529
v 11 9 -2 0.784314 0.784314 0.823529
v 12 9 -2 0.784314 0.784314 0.823529
v 12 10 -2 0.784314 0.784314 0.823529
v 11 10 -2 0.784314 0.784314 0.823529
v 11 9 -3 0.784314 0.784314 0.823529
v 12 9 -3 0.784314 0.784314 0.823529
v 12 10 -3 0.784314 0.784314 0.823529
v 11 10 -3 0.784314 0.784314 0.823529
v 11 9 -4 0.784314 0.784314 0.823529
v 12 9 -4 0.784314 0.784314 0.823529
v 12 10 -4 0.784314 0.784314 0.823529
v 11 10 -4 0.784314 0.784314 0.823529
v 12 10 -5 0.784314 0.784314 0.823529
v 11 10 -5 0.784314 0.784314 0.823529
v 12 10 -6 0.784314 0.784314 0.823529
v 11 10 -6 0.784314 0.784314 0.823529
v 12 10 -7 0.784314 0.784314 0.823529
v 11 10 -7 0.784314 0.784314 0.823529
v 12 10 -8 0.784314 0.784314 0.823529
v 11 10 -8 0.784314 0.784314 0.823529
v 12 10 -9 0.784314 0.784314 0.823529
v 11 10 -9 0.784314 0.784314 0.823529
v 1 9 -9 0.784314 0.784314 0.823529
v 1 10 -9 0.784314 0.784314 0.823529
v 1 9 -10 0.784314 0.784314 0.823529
v 1 10 -10 0.784314 0.784314 0.823529
v 2 10 -9 0.784314 0.784314 0.823529
v 2 10 -10 0.784314 0.784314 0.823529
v 3 10 -9 0.784314 0.784314 0.823529
v 3 10 -10 0.784314 0.784314 0.823529
v 4 10 -9 0.784314 0.784314 0.823529
v 4 10 -10 0.784314 0.784314 0.823529
v 5 10 -9 0.784314 0.784314 0.823529
v 5 10 -10 0.784314 0.784314 0.823529
v 6 10 -9 0.784314 0.784314 0.823529
v 6 10 -10 0.784314 0.784314 0.823529
v 7 10 -9 0.784314 0.784314 0.823529
v 7 10 -10 0.784314 0.784314 0.823529
v 8 10 -9 0.784314 0.784314 0.823529
v 8 10 -10 0.784314 0.784314 0.823529
v 9 10 -9 0.784314 0.784314 0.823529
v 9 10 -10 0.784314 0.784314 0.823529
v 10 10 -9 0.784314 0.784314 0.823529
v 10 10 -10 0.784314 0.784314 0.823529
v 11 10 -10 0.784314 0.784314 0.823529
v 12 10 -10 0.784314 0.784314 0.823529
v 12 11 -1 0.784314 0.784314 0.823529
v 12 11 0 0.784314 0.784314 0.823529
v 11 11 0 0.784314 0.784314 0.823529
v 11 11 -1 0.784314 0.784314 0.823529
v 12 11 -2 0.784314 0.784314 0.823529
v 11 11 -2 0.784314 0.784314 0.823529
v 12 11 -3 0.784314 0.784314 0.823529
v 11 11 -3 0.784314 0.784314 0.823529
v 12 11 -4 0.784314 0.784314 0.823529
v 11 11 -4 0.784314 0.784314 0.823529
v 12 11 -5 0.784314 0.784314 0.823529
v 11 11 -5 0.784314 0.784314 0.823529
v 12 11 -6 0.784314 0.784314 0.823529
v 11 11 -6 0.784314 0.784314 0.823529
v 12 11 -7 0.784314 0.784314 0.823529
v 11 11 -7 0.784314 0.784314 0.823529
v 12 11 -8 0.784314 0.784314 0.823529
v 11 11 -8 0.784314 0.784314 0.823529
v 12 11 -9 0.784314 0.784314 0.823529
v 11 11 -9 0.784314 0.784314 0.823529
v 1 11 -9 0.784314 0.784314 0.823529
v 1 11 -10 0.784314 0.784314 0.823529
v 2 11 -9 0.784314 0.784314 0.823529
v 2 11 -10 0.784314 0.784314 0.823529
v 3 11 -9 0.784314 0.784314 0.823529
v 3 11 -10 0.784314 0.784314 0.823529
v 4 11 -9 0.784314 0.784314 0.823529
v 4 11 -10 0.784314 0.784314 0.823529
v 5 11 -9 0.784314 0.784314 0.823529
v 5 11 -10 0.784314 0.784314 0.823529
v 6 11 -9 0.784314 0.784314 0.823529
v 6 11 -10 0.784314 0.784314 0.823529
v 7 11 -9 0.784314 0.784314 0.823529
v 7 11 -10 0.784314 0.784314 0.823529
v 8 11 -9 0.784314 0.784314 0.823529
v 8 11 -10 0.784314 0.784314 0.823529
v 9 11 -9 0.784314 0.784314 0.823529
v 9 11 -10 0.784314 0.784314 0.823529
v 10 11 -9 0.784314 0.784314 0.823529
v 10 11 -10 0.784314 0.784314 0.823529
v 11 11 -10 0.784314 0.784314 0.823529
v 12 11 -10 0.784314 0.784314 0.823529
v 12 12 -1 0.784314 0.784314 0.823529
v 12 12 0 0.784314 0.784314 0.823529
v 11 12 0 0.784314 0.784314 0.823529
v 11 12 -1 0.784314 0.784314 0.823529
v 12 12 -2 0.784314 0.784314 0.823529
v 11 12 -2 0.784314 0.784314 0.823529
v 12 12 -3 0.784314 0.784314 0.823529
v 11 12 -3 0.784314 0.784314 0.823529
v 12 12 -4 0.784314 0.784314 0.823529
v 11 12 -4 0.784314 0.784314 0.823529
v 12 12 -5 0.784314 0.784314 0.823529
v 11 12 -5 0.784314 0.784314 0.823529
v 12 12 -6 0.784314 0.784314 0.823529
v 11 12 -6 0.784314 0.784314 0.823529
v 12 12 -7 0.784314 0.784314 0.823529
v 11 12 -7 0.784314 0.784314 0.823529
v 12 12 -8 0.784314 0.784314 0.823529
v 11 12 -8 0.784314 0.784314 0.823529
v 12 12 -9 0.784314 0.784314 0.823529
v 11 12 -9 0.784314 0.784314 0.823529
v 1 12 -9 0.784314 0.784314 0.823529
v 1 12 -10 0.784314 0.784314 0.823529
v 2 12 -9 0.784314 0.784314 0.823529
v 2 12 -10 0.784314 0.784314 0.823529
v 3 12 -9 0.784314 0.784314 0.823529
v 3 12 -10 0.784314 0.784314 0.823529
v 4 12 -9 0.784314 0.784314 0.823529
v 4 12 -10 0.784314 0.784314 0.823529
v 5 12 -9 0.784314 0.784314 0.823529
v 5 12 -10 0.784314 0.784314 0.823529
v 6 12 -9 0.784314 0.784314 0.823529
v 6 12 -10 0.784314 0.784314 0.823529
v 7 12 -9 0.784314 0.784314 0.823529
v 7 12 -10 0.784314 0.784314 0.823529
v 8 12 -9 0.784314 0.784314 0.823529
v 8 12 -10 0.784314 0.784314 0.823529
v 9 12 -9 0.784314 0.784314 0.823529
v 9 12 -10 0.784314 0.784314 0.823529
v 10 12 -9 0.784314 0.784314 0.823529
v 10 12 -10 0.784314 0.784314 0.823529
v 11 12 -10 0.784314 0.784314 0.823529
v 12 12 -10 0.784314 0.784314 0.823529
v 1 12 -1 0.882353 0.894118 0.921569
v 1 12 0 0.882353 0.894118 0.921569
v 1 13 0 0.882353 0.894118 0.921569
v 1 13 -1 0.882353 0.894118 0.921569
v 2 12 -1 0.882353 0.894118 0.921569
v 2 12 0 0.882353 0.894118 0.921569
v 2 13 0 0.882353 0.894118 0.921569
v 2 13 -1 0.882353 0.894118 0.921569
v 3 12 -1 0.882353 0.894118 0.921569
v 3 12 0 0.882353 0.894118 0.921569
v 3 13 0 0.882353 0.894118 0.921569
v 3 13 -1 0.882353 0.894118 0.921569
v 4 12 -1 0.882353 0.894118 0.921569
v 4 12 0 0.882353 0.894118 0.921569
v 4 13 0 0.882353 0.894118 0.921569
v 4 13 -1 0.882353 0.894118 0.921569
v 5 12 -1 0.882353 0.894118 0.921569
v 5 12 0 0.882353 0.894118 0.921569
v 5 13 0 0.882353 0.894118 0.921569
v 5 13 -1 0.882353 0.894118 0.921569
v 6 12 -1 0.882353 0.894118 0.921569
v 6 12 0 0.882353 0.894118 0.921569
v 6 13 0 0.882353 0.894118 0.921569
v 6 13 -1 0.882353 0.894118 0.921569
v 7 12 -1 0.882353 0.894118 0.921569
v 7 12 0 0.882353 0.894118 0.921569
v 7 13 0 0.882353 0.894118 0.921569
v 7 13 -1 0.882353 0.894118 0.921569
v 8 12 -1 0.882353 0.894118 0.921569
v 8 12 0 0.882353 0.894118 0.921569
v 8 13 0 0.882353 0.894118 0.921569
v 8 13 -1 0.882353 0.894118 0.921569
v 9 12 -1 0.882353 0.894118 0.921569
v 9 12 0 0.882353 0.894118 0.921569
v 9 13 0 0.882353 0.894118 0.921569
v 9 13 -1 0.882353 0.894118 0.921569
v 10 12 -1 0.882353 0.894118 0.921569
v 10 12 0 0.882353 0.894118 0.921569
v 10 13 0 0.882353 0.894118 0.921569
v 10 13 -1 0.882353 0.894118 0.921569
v 11 12 -1 0.882353 0.894118 0.921569
v 11 12 0 0.882353 0.894118 0.921569
v 11 13 0 0.882353 0.894118 0.921569
v 11 13 -1 0.882353 0.894118 0.921569
v 12 13 0 0.882353 0.894118 0.921569
v 12 13 -1 0.882353 0.894118 0.921569
v 12 12 0 0.882353 0.894118 0.921569
v 12 12 -1 0.882353 0.894118 0.921569
v 1 12 -2 0.882353 0.894118 0.921569
v 1 13 -2 0.882353 0.894118 0.921569
v 2 12 -2 0.882353 0.894118 0.921569
v 2 13 -2 0.882353 0.894118 0.921569
v 3 12 -2 0.882353 0.894118 0.921569
v 3 13 -2 0.882353 0.894118 0.921569
v 4 12 -2 0.882353 0.894118 0.921569
v 4 13 -2 0.882353 0.894118 0.921569
v 5 12 -2 0.882353 0.894118 0.921569
v 5 13 -2 0.882353 0.894118 0.921569
v 6 12 -2 0.882353 0.894118 0.921569
v 6 13 -2 0.882353 0.894118 0.921569
v 7 12 -2 0.882353 0.894118 0.921569
v 7 13 -2 0.882353 0.894118 0.921569
v 8 12 -2 0.882353 0.894118 0.921569
v 8 13 -2 0.882353 0.894118 0.921569
v 9 12 -2 0.882353 0.894118 0.921569
v 9 13 -2 0.882353 0.894118 0.921569
v 10 12 -2 0.882353 0.894118 0.921569
v 10 13 -2 0.882353 0.894118 0.921569
v 11 12 -2 0.882353 0.894118 0.921569
v 11 13 -2 0.882353 0.894118 0.921569
v 12 13 -2 0.882353 0.894118 0.921569
v 12 12 -2 0.882353 0.894118 0.921569
v 1 12 -3 0.882353 0.894118 0.921569
v 1 13 -3 0.882353 0.894118 0.921569
v 2 12 -3 0.882353 0.894118 0.921569
v 2 13 -3 0.882353 0.894118 0.921569
v 3 12 -3 0.882353 0.894118 0.921569
v 3 13 -3 0.882353 0.894118 0.921569
v 4 12 -3 0.882353 0.894118 0.921569
v 4 13 -3 0.882353 0.894118 0.921569
v 5 12 -3 0.882353 0.894118 0.921569
v 5 13 -3 0.882353 0.894118 0.921569
v 6 12 -3 0.882353 0.894118 0.921569
v 6 13 -3 0.882353 0.894118 0.921569
v 7 12 -3 0.882353 0.894118 0.921569
v 7 13 -3 0.882353 0.894118 0.921569
v 8 12 -3 0.882353 0.894118 0.921569
v 8 13 -3 0.882353 0.894118 0.921569
v 9 12 -3 0.882353 0.894118 0.921569
v 9 13 -3 0.882353 0.894118 0.921569
v 10 12 -3 0.882353 0.894118 0.921569
v 10 13 -3 0.882353 0.894118 0.921569
v 11 12 -3 0.882353 0.894118 0.921569
v 11 13 -3 0.882353 0.894118 0.921569
v 12 13 -3 0.882353 0.894118 0.921569
v 12 12 -3 0.882353 0.894118 0.921569
v 1 12 -4 0.882353 0.894118 0.921569
v 1 13 -4 0.882353 0.894118 0.921569
v 2 12 -4 0.882353 0.894118 0.921569
v 2 13 -4 0.882353 0.894118 0.921569
v 3 12 -4 0.882353 0.894118 0.921569
v 3 13 -4 0.882353 0.894118 0.921569
v 4 12 -4 0.882353 0.894118 0.921569
v 4 13 -4 0.882353 0.894118 0.921569
v 5 12 -4 0.882353 0.894118 0.921569
v 5 13 -4 0.882353 0.894118 0.921569
v 6 12 -4 0.882353 0.894118 0.921569
v 6 13 -4 0.882353 0.894118 0.921569
v 7 12 -4 0.882353 0.894118 0.921569
v 7 13 -4 0.882353 0.894118 0.921569
v 8 12 -4 0.882353 0.894118 0.921569
v 8 13 -4 0.882353 0.894118 0.921569
v 9 12 -4 0.882353 0.894118 0.921569
v 9 13 -4 0.882353 0.894118 0.921569
v 10 12 -4 0.882353 0.894118 0.921569
v 10 13 -4 0.882353 0.894118 0.921569
v 11 12 -4 0.882353 0.894118 0.921569
v 11 13 -4 0.882353 0.894118 0.921569
v 12 13 -4 0.882353 0.894118 0.921569
v 12 12 -4 0.882353 0.894118 0.921569
v 1 12 -5 0.882353 0.894118 0.921569
v 1 13 -5 0.882353 0.894118 0.921569
v 2 12 -5 0.882353 0.894118 0.921569
v 2 13 -5 0.882353 0.894118 0.921569
v 3 12 -5 0.882353 0.894118 0.921569
v 3 13 -5 0.882353 0.894118 0.921569
v 4 12 -5 0.882353 0.894118 0.921569
v 4 13 -5 0.882353 0.894118 0.921569
v 5 12 -5 0.882353 0.894118 0.921569
v 5 13 -5 0.882353 0.894118 0.921569
v 6 12 -5 0.882353 0.894118 0.921569
v 6 13 -5 0.882353 0.894118 0.921569
v 7 12 -5 0.882353 0.894118 0.921569
v 7 13 -5 0.882353 0.894118 0.921569
v 8 12 -5 0.882353 0.894118 0.921569
v 8 13 -5 0.882353 0.894118 0.921569
v 9 12 -5 0.882353 0.894118 0.921569
v 9 13 -5 0.882353 0.894118 0.921569
v 10 12 -5 0.882353 0.894118 0.921569
v 10 13 -5 0.882353 0.894118 0.921569
v 11 12 -5 0.882353 0.894118 0.921569
v 11 13 -5 0.882353 0.894118 0.921569
v 12 13 -5 0.882353 0.894118 0.921569
v 12 12 -5 0.882353 0.894118 0.921569
v 1 12 -6 0.882353 0.894118 0.921569
v 1 13 -6 0.882353 0.894118 0.921569
v 2 12 -6 0.882353 0.894118 0.921569
v 2 13 -6 0.882353 0.894118 0.921569
v 3 12 -6 0.882353 0.894118 0.921569
v 3 13 -6 0.882353 0.894118 0.921569
v 4 12 -6 0.882353 0.894118 0.921569
v 4 13 -6 0.882353 0.894118 0.921569
v 5 12 -6 0.882353 0.894118 0.921569
v 5 13 -6 0.882353 0.894118 0.921569
v 6 12 -6 0.882353 0.894118 0.921569
v 6 13 -6 0.882353 0.894118 0.921569
v 7 12 -6 0.882353 0.894118 0.921569
v 7 13 -6 0.882353 0.894118 0.921569
v 8 12 -6 0.882353 0.894118 0.921569
v 8 13 -6 0.882353 0.894118 0.921569
v 9 12 -6 0.882353 0.894118 0.921569
v 9 13 -6 0.882353 0.894118 0.921569
v 10 12 -6 0.882353 0.894118 0.921569
v 10 13 -6 0.882353 0.894118 0.921569
v 11 12 -6 0.882353 0.894118 0.921569
v 11 13 -6 0.882353 0.894118 0.921569
v 12 13 -6 0.882353 0.894118 0.921569
v 12 12 -6 0.882353 0.894118 0.921569
v 1 12 -7 0.882353 0.894118 0.921569
v 1 13 -7 0.882353 0.894118 0.921569
v 2 12 -7 0.882353 0.894118 0.921569
v 2 13 -7 0.882353 0.894118 0.921569
v 3 12 -7 0.882353 0.894118 0.921569
v 3 13 -7 0.882353 0.894118 0.921569
v 4 12 -7 0.882353 0.894118 0.921569
v 4 13 -7 0.882353 0.894118 0.921569
v 5 12 -7 0.882353 0.894118 0.921569
v 5 13 -7 0.882353 0.894118 0.921569
v 6 12 -7 0.882353 0.894118 0.921569
v 6 13 -7 0.882353 0.894118 0.921569
v 7 12 -7 0.882353 0.894118 0.921569
v 7 13 -7 0.882353 0.894118 0.921569
v 8 12 -7 0.882353 0.894118 0.921569
v 8 13 -7 0.882353 0.894118 0.921569
v 9 12 -7 0.882353 0.894118 0.921569
v 9 13 -7 0.882353 0.894118 0.921569
v 10 12 -7 0.882353 0.894118 0.921569
v 10 13 -7 0.882353 0.894118 0.921569
v 11 12 -7 0.882353 0.894118 0.921569
v 11 13 -7 0.882353 0.894118 0.921569
v 12 13 -7 0.882353 0.894118 0.921569
v 12 12 -7 0.882353 0.894118 0.921569
v 1 12 -8 0.882353 0.894118 0.921569
v 1 13 -8 0.882353 0.894118 0.921569
v 2 12 -8 0.882353 0.894118 0.921569
v 2 13 -8 0.882353 0.894118 0.921569
v 3 12 -8 0.882353 0.894118 0.921569
v 3 13 -8 0.882353 0.894118 0.921569
v 4 12 -8 0.882353 0.894118 0.921569
v 4 13 -8 0.882353 0.894118 0.921569
v 5 12 -8 0.882353 0.894118 0.921569
v 5 13 -8 0.882353 0.894118 0.921569
v 6 12 -8 0.882353 0.894118 0.921569
v 6 13 -8 0.882353 0.894118 0.921569
v 7 12 -8 0.882353 0.894118 0.921569
v 7 13 -8 0.882353 0.894118 0.921569
v 8 12 -8 0.882353 0.894118 0.921569
v 8 13 -8 0.882353 0.894118 0.921569
v 9 12 -8 0.882353 0.894118 0.921569
v 9 13 -8 0.882353 0.894118 0.921569
v 10 12 -8 0.882353 0.894118 0.921569
v 10 13 -8 0.882353 0.894118 0.921569
v 11 12 -8 0.882353 0.894118 0.921569
v 11 13 -8 0.882353 0.894118 0.921569
v 12 13 -8 0.882353 0.894118 0.921569
v 12 12 -8 0.882353 0.894118 0.921569
v 1 12 -9 0.882353 0.894118 0.921569
v 1 13 -9 0.882353 0.894118 0.921569
v 2 12 -9 0.882353 0.894118 0.921569
v 2 13 -9 0.882353 0.894118 0.921569
v 3 12 -9 0.882353 0.894118 0.921569
v 3 13 -9 0.882353 0.894118 0.921569
v 4 12 -9 0.882353 0.894118 0.921569
v 4 13 -9 0.882353 0.894118 0.921569
v 5 12 -9 0.882353 0.894118 0.921569
v 5 13 -9 0.882353 0.894118 0.921569
v 6 12 -9 0.882353 0.894118 0.921569
v 6 13 -9 0.882353 0.894118 0.921569
v 7 12 -9 0.882353 0.894118 0.921569
v 7 13 -9 0.882353 0.894118 0.921569
v 8 12 -9 0.882353 0.894118 0.921569
v 8 13 -9 0.882353 0.894118 0.921569
v 9 12 -9 0.882353 0.894118 0.921569
v 9 13 -9 0.882353 0.894118 0.921569
v 10 12 -9 0.882353 0.894118 0.921569
v 10 13 -9 0.882353 0.894118 0.921569
v 11 12 -9 0.882353 0.894118 0.921569
v 11 13 -9 0.882353 0.894118 0.921569
v 12 13 -9 0.882353 0.894118 0.921569
v 12 12 -9 0.882353 0.894118 0.921569
v 1 12 -10 0.882353 0.894118 0.921569
v 1 13 -10 0.882353 0.894118 0.921569
v 2 12 -10 0.882353 0.894118 0.921569
v 2 13 -10 0.882353 0.894118 0.921569
v 3 12 -10 0.882353 0.894118 0.921569
v 3 13 -10 0.882353 0.894118 0.921569
v 4 12 -10 0.882353 0.894118 0.921569
v 4 13 -10 0.882353 0.894118 0.921569
v 5 12 -10 0.882353 0.894118 0.921569
v 5 13 -10 0.882353 0.894118 0.921569
v 6 12 -10 0.882353 0.894118 0.921569
v 6 13 -10 0.882353 0.894118 0.921569
v 7 12 -10 0.882353 0.894118 0.921569
v 7 13 -10 0.882353 0.894118 0.921569
v 8 12 -10 0.882353 0.894118 0.921569
v 8 13 -10 0.882353 0.894118 0.921569
v 9 12 -10 0.882353 0.894118 0.921569
v 9 13 -10 0.882353 0.894118 0.921569
v 10 12 -10 0.882353 0.894118 0.921569
v 10 13 -10 0.882353 0.894118 0.921569
v 11 12 -10 0.882353 0.894118 0.921569
v 11 13 -10 0.882353 0.894118 0.921569
v 12 12 -10 0.882353 0.894118 0.921569
v 12 13 -10 0.882353 0.894118 0.921569
vn 0 0 1
vn 0 -1 -0
vn -1 0 0
vn 0 1 0
vn 0 0 -1
vn 1 0 0
f 1//1 2//1 3//1 4//1
f 1//2 5//2 6//2 2//2
f 1//3 4//3 7//3 5//3
f 2//1 8//1 9//1 3//1
f 2//2 6//2 10//2 8//2
f 8//1 11//1 12//1 9//1
f 8//2 10//2 13//2 11//2
f 11//1 14//1 15//1 12//1
f 11//2 13//2 16//2 14//2
f 14//1 17//1 18//1 15//1
f 14//2 16//2 19//2 17//2
f 17//1 20//1 21//1 18//1
f 17//2 19//2 22//2 20//2
f 20//1 23//1 24//1 21//1
f 20//2 22//2 25//2 23//2
f 23//1 26//1 27//1 24//1
f 23//2 25//2 28//2 26//2
f 26//1 29//1 30//1 27//1
f 26//2 28//2 31//2 29//2
f 29//1 32//1 33//1 30//1
f 29//2 31//2 34//2 32//2
f 32//1 35//1 36//1 33//1
f 32//2 34//2 37//2 35//2
f 35//1 38//1 39//1 36//1
f 35//2 37//2 40//2 38//2
f 5//2 41//2 42//2 6//2
f 5//3 7//3 43//3 41//3
f 6//2 42//2 44//2 10//2
f 45//4 46//4 47//4 48//4
f 10//2 44//2 49//2 13//2
f 50//4 51//4 46//4 45//4
f 13//2 49//2 52//2 16//2
f 53//4 54//4 51//4 50//4
f 16//2 52//2 55//2 19//2
f 56//4 57//4 54//4 53//4
f 19//2 55//2 58//2 22//2
f 59//4 60//4 57//4 56//4
f 22//2 58//2 61//2 25//2
f 62//4 63//4 60//4 59//4
f 25//2 61//2 64//2 28//2
f 65//4 66//4 63//4 62//4
f 28//2 64//2 67//2 31//2
f 68//4 69//4 66//4 65//4
f 31//2 67//2 70//2 34//2
f 71//4 72//4 69//4 68//4
f 34//2 70//2 73//2 37//2
f 74//4 75//4 72//4 71//4
f 37//2 73//2 76//2 40//2
f 77//4 78//4 75//4 74//4
f 41//2 79//2 80//2 42//2
f 41//3 43//3 81//3 79//3
f 42//2 80//2 82//2 44//2
f 46//4 83//4 84//4 47//4
f 44//2 82//2 85//2 49//2
f 51//4 86//4 83//4 46//4
f 49//2 85//2 87//2 52//2
f 54//4 88//4 86//4 51//4
f 52//2 87//2 89//2 55//2
f 57//4 90//4 88//4 54//4
f 55//2 89//2 91//2 58//2
f 60//4 92//4 90//4 57//4
f 58//2 91//2 93//2 61//2
f 63//4 94//4 92//4 60//4
f 61//2 93//2 95//2 64//2
f 66//4 96//4 94//4 63//4
f 64//2 95//2 97//2 67//2
f 69//4 98//4 96//4 66//4
f 67//2 97//2 99//2 70//2
f 72//4 100//4 98//4 69//4
f 70//2 99//2 101//2 73//2
f 75//4 102//4 100//4 72//4
f 73//2 101//2 103//2 76//2
f 78//4 104//4 102//4 75//4
f 79//2 105//2 106//2 80//2
f 79//3 81//3 107//3 105//3
f 80//2 106//2 108//2 82//2
f 83//4 109//4 110//4 84//4
f 82//2 108//2 111//2 85//2
f 86//4 112//4 109//4 83//4
f 85//2 111//2 113//2 87//2
f 88//4 114//4 112//4 86//4
f 87//2 113//2 115//2 89//2
f 90//4 116//4 114//4 88//4
f 89//2 115//2 117//2 91//2
f 92//4 118//4 116//4 90//4
f 91//2 117//2 119//2 93//2
f 94//4 120//4 118//4 92//4
f 93//2 119//2 121//2 95//2
f 96//4 122//4 120//4 94//4
f 95//2 121//2 123//2 97//2
f 98//4 124//4 122//4 96//4
f 97//2 123//2 125//2 99//2
f 100//4 126//4 124//4 98//4
f 99//2 125//2 127//2 101//2
f 102//4 128//4 126//4 100//4
f 101//2 127//2 129//2 103//2
f 104//4 130//4 128//4 102//4
f 105//2 131//2 132//2 106//2
f 105//3 107//3 133//3 131//3
f 106//2 132//2 134//2 108//2
f 109//4 135//4 136//4 110//4
f 108//2 134//2 137//2 111//2
f 112//4 138//4 135//4 109//4
f 111//2 137//2 139//2 113//2
f 114//4 140//4 138//4 112//4
f 113//2 139//2 141//2 115//2
f 116//4 142//4 140//4 114//4
f 115//2 141//2 143//2 117//2
f 118//4 144//4 142//4 116//4
f 117//2 143//2 145//2 119//2
f 120//4 146//4 144//4 118//4
f 119//2 145//2 147//2 121//2
f 122//4 148//4 146//4 120//4
f 121//2 147//2 149//2 123//2
f 124//4 150//4 148//4 122//4
f 123//2 149//2 151//2 125//2
f 126//4 152//4 150//4 124//4
f 125//2 151//2 153//2 127//2
f 128//4 154//4 152//4 126//4
f 127//2 153//2 155//2 129//2
f 130//4 156//4 154//4 128//4
f 131//2 157//2 158//2 132//2
f 131//3 133//3 159//3 157//3
f 132//2 158//2 160//2 134//2
f 135//4 161//4 162//4 136//4
f 134//2 160//2 163//2 137//2
f 138//4 164//4 161//4 135//4
f 137//2 163//2 165//2 139//2
f 140//4 166//4 164//4 138//4
f 139//2 165//2 167//2 141//2
f 142//4 168//4 166//4 140//4
f 141//2 167//2 169//2 143//2
f 144//4 170//4 168//4 142//4
f 143//2 169//2 171//2 145//2
f 146//4 172//4 170//4 144//4
f 145//2 171//2 173//2 147//2
f 148//4 174//4 172//4 146//4
f 147//2 173//2 175//2 149//2
f 150//4 176//4 174//4 148//4
f 149//2 175//2 177//2 151//2
f 152//4 178//4 176//4 150//4
f 151//2 177//2 179//2 153//2
f 154//4 180//4 178//4 152//4
f 153//2 179//2 181//2 155//2
f 156//4 182//4 180//4 154//4
f 183//1 184//1 185//1 186//1
f 183//3 186//3 187//3 188//3
f 184//1 189//1 190//1 185//1
f 191//5 192//5 193//5 194//5
f 189//1 195//1 196//1 190//1
f 197//5 191//5 194//5 198//5
f 195//1 199//1 200//1 196//1
f 201//5 197//5 198//5 202//5
f 199//1 203//1 204//1 200//1
f 205//5 201//5 202//5 206//5
f 203//1 207//1 208//1 204//1
f 209//5 205//5 206//5 210//5
f 207//1 211//1 212//1 208//1
f 213//5 209//5 210//5 214//5
f 211//1 215//1 216//1 212//1
f 217//5 213//5 214//5 218//5
f 215//1 219//1 220//1 216//1
f 221//5 217//5 218//5 222//5
f 219//1 223//1 224//1 220//1
f 225//5 221//5 222//5 226//5
f 223//1 227//1 228//1 224//1
f 229//5 225//5 226//5 230//5
f 227//1 231//1 232//1 228//1
f 233//5 229//5 230//5 234//5
f 192//6 235//6 236//6 193//6
f 188//3 187//3 237//3 238//3
f 235//6 239//6 240//6 236//6
f 238//3 237//3 241//3 242//3
f 239//6 243//6 244//6 240//6
f 242//3 241//3 245//3 246//3
f 243//6 247//6 248//6 244//6
f 246//3 245//3 249//3 250//3
f 247//6 251//6 252//6 248//6
f 250//3 249//3 253//3 254//3
f 186//1 185//1 255//1 256//1
f 186//3 256//3 257//3 187//3
f 185//1 190//1 258//1 255//1
f 194//5 193//5 259//5 260//5
f 190//1 196//1 261//1 258//1
f 198//5 194//5 260//5 262//5
f 196//1 200//1 263//1 261//1
f 202//5 198//5 262//5 264//5
f 200//1 204//1 265//1 263//1
f 206//5 202//5 264//5 266//5
f 204//1 208//1 267//1 265//1
f 210//5 206//5 266//5 268//5
f 208//1 212//1 269//1 267//1
f 214//5 210//5 268//5 270//5
f 212//1 216//1 271//1 269//1
f 218//5 214//5 270//5 272//5
f 216//1 220//1 273//1 271//1
f 222//5 218//5 272//5 274//5
f 220//1 224//1 275//1 273//1
f 226//5 222//5 274//5 276//5
f 224//1 228//1 277//1 275//1
f 230//5 226//5 276//5 278//5
f 228//1 232//1 279//1 277//1
f 234//5 230//5 278//5 280//5
f 193//6 236//6 281//6 259//6
f 187//3 257//3 282//3 237//3
f 236//6 240//6 283//6 281//6
f 237//3 282//3 284//3 241//3
f 240//6 244//6 285//6 283//6
f 241//3 284//3 286//3 245//3
f 244//6 248//6 287//6 285//6
f 245//3 286//3 288//3 249//3
f 248//6 252//6 289//6 287//6
f 249//3 288//3 290//3 253//3
f 256//1 255//1 291//1 292//1
f 256//3 292//3 293//3 257//3
f 255//1 258//1 294//1 291//1
f 260//5 259//5 295//5 296//5
f 258//1 261//1 297//1 294//1
f 262//5 260//5 296//5 298//5
f 261//1 263//1 299//1 297//1
f 264//5 262//5 298//5 300//5
f 263//1 265//1 301//1 299//1
f 266//5 264//5 300//5 302//5
f 265//1 267//1 303//1 301//1
f 268//5 266//5 302//5 304//5
f 267//1 269//1 305//1 303//1
f 270//5 268//5 304//5 306//5
f 269//1 271//1 307//1 305//1
f 272//5 270//5 306//5 308//5
f 271//1 273//1 309//1 307//1
f 274//5 272//5 308//5 310//5
f 273//1 275//1 311//1 309//1
f 276//5 274//5 310//5 312//5
f 275//1 277//1 313//1 311//1
f 278//5 276//5 312//5 314//5
f 277//1 279//1 315//1 313//1
f 280//5 278//5 314//5 316//5
f 259//6 281//6 317//6 295//6
f 257//3 293//3 318//3 282//3
f 281//6 283//6 319//6 317//6
f 282//3 318//3 320//3 284//3
f 283//6 285//6 321//6 319//6
f 284//3 320//3 322//3 286//3
f 285//6 287//6 323//6 321//6
f 286//3 322//3 324//3 288//3
f 287//6 289//6 325//6 323//6
f 288//3 324//3 326//3 290//3
f 292//1 291//1 327//1 328//1
f 292//3 328//3 329//3 293//3
f 291//1 294//1 330//1 327//1
f 296//5 295//5 331//5 332//5
f 294//1 297//1 333//1 330//1
f 298//5 296//5 332//5 334//5
f 297//1 299//1 335//1 333//1
f 300//5 298//5 334//5 336//5
f 299//1 301//1 337//1 335//1
f 302//5 300//5 336//5 338//5
f 301//1 303//1 339//1 337//1
f 304//5 302//5 338//5 340//5
f 303//1 305//1 341//1 339//1
f 306//5 304//5 340//5 342//5
f 305//1 307//1 343//1 341//1
f 308//5 306//5 342//5 344//5
f 307//1 309//1 345//1 343//1
f 310//5 308//5 344//5 346//5
f 309//1 311//1 347//1 345//1
f 312//5 310//5 346//5 348//5
f 311//1 313//1 349//1 347//1
f 314//5 312//5 348//5 350//5
f 313//1 315//1 351//1 349//1
f 316//5 314//5 350//5 352//5
f 295//6 317//6 353//6 331//6
f 293//3 329//3 354//3 318//3
f 317//6 319//6 355//6 353//6
f 318//3 354//3 356//3 320//3
f 319//6 321//6 357//6 355//6
f 320//3 356//3 358//3 322//3
f 321//6 323//6 359//6 357//6
f 322//3 358//3 360//3 324//3
f 323//6 325//6 361//6 359//6
f 324//3 360//3 362//3 326//3
f 328//1 327//1 363//1 364//1
f 328//3 364//3 365//3 329//3
f 327//1 330//1 366//1 363//1
f 332//5 331//5 367//5 368//5
f 330//1 333//1 369//1 366//1
f 334//5 332//5 368//5 370//5
f 333//1 335//1 371//1 369//1
f 336//5 334//5 370//5 372//5
f 335//1 337//1 373//1 371//1
f 338//5 336//5 372//5 374//5
f 337//1 339//1 375//1 373//1
f 340//5 338//5 374//5 376//5
f 339//1 341//1 377//1 375//1
f 342//5 340//5 376//5 378//5
f 341//1 343//1 379//1 377//1
f 344//5 342//5 378//5 380//5
f 343//1 345//1 381//1 379//1
f 346//5 344//5 380//5 382//5
f 345//1 347//1 383//1 381//1
f 348//5 346//5 382//5 384//5
f 347//1 349//1 385//1 383//1
f 350//5 348//5 384//5 386//5
f 349//1 351//1 387//1 385//1
f 352//5 350//5 386//5 388//5
f 331//6 353//6 389//6 367//6
f 329//3 365//3 390//3 354//3
f 353//6 355//6 391//6 389//6
f 354//3 390//3 392//3 356//3
f 355//6 357//6 393//6 391//6
f 356//3 392//3 394//3 358//3
f 357//6 359//6 395//6 393//6
f 358//3 394//3 396//3 360//3
f 359//6 361//6 397//6 395//6
f 360//3 396//3 398//3 362//3
f 364//1 363//1 399//1 400//1
f 364//3 400//3 401//3 365//3
f 363//1 366//1 402//1 399//1
f 368//5 367//5 403//5 404//5
f 366//1 369//1 405//1 402//1
f 370//5 368//5 404//5 406//5
f 369//1 371//1 407//1 405//1
f 372//5 370//5 406//5 408//5
f 371//1 373//1 409//1 407//1
f 374//5 372//5 408//5 410//5
f 373//1 375//1 411//1 409//1
f 376//5 374//5 410//5 412//5
f 375//1 377//1 413//1 411//1
f 378//5 376//5 412//5 414//5
f 377//1 379//1 415//1 413//1
f 380//5 378//5 414//5 416//5
f 379//1 381//1 417//1 415//1
f 382//5 380//5 416//5 418//5
f 381//1 383//1 419//1 417//1
f 384//5 382//5 418//5 420//5
f 383//1 385//1 421//1 419//1
f 386//5 384//5 420//5 422//5
f 385//1 387//1 423//1 421//1
f 388//5 386//5 422//5 424//5
f 367//6 389//6 425//6 403//6
f 365//3 401//3 426//3 390//3
f 389//6 391//6 427//6 425//6
f 390//3 426//3 428//3 392//3
f 391//6 393//6 429//6 427//6
f 392//3 428//3 430//3 394//3
f 393//6 395//6 431//6 429//6
f 394//3 430//3 432//3 396//3
f 395//6 397//6 433//6 431//6
f 396//3 432//3 434//3 398//3
f 400//1 399//1 435//1 436//1
f 400//3 436//3 437//3 401//3
f 399//1 402//1 438//1 435//1
f 404//5 403//5 439//5 440//5
f 402//1 405//1 441//1 438//1
f 406//5 404//5 440//5 442//5
f 405//1 407//1 443//1 441//1
f 408//5 406//5 442//5 444//5
f 407//1 409//1 445//1 443//1
f 410//5 408//5 444//5 446//5
f 409//1 411//1 447//1 445//1
f 412//5 410//5 446//5 448//5
f 411//1 413//1 449//1 447//1
f 414//5 412//5 448//5 450//5
f 413//1 415//1 451//1 449//1
f 416//5 414//5 450//5 452//5
f 415//1 417//1 453//1 451//1
f 418//5 416//5 452//5 454//5
f 417//1 419//1 455//1 453//1
f 420//5 418//5 454//5 456//5
f 419//1 421//1 457//1 455//1
f 422//5 420//5 456//5 458//5
f 421//1 423//1 459//1 457//1
f 424//5 422//5 458//5 460//5
f 403//6 425//6 461//6 439//6
f 401//3 437//3 462//3 426//3
f 425//6 427//6 463//6 461//6
f 426//3 462//3 464//3 428//3
f 427//6 429//6 465//6 463//6
f 428//3 464//3 466//3 430//3
f 429//6 431//6 467//6 465//6
f 430//3 466//3 468//3 432//3
f 431//6 433//6 469//6 467//6
f 432//3 468//3 470//3 434//3
f 436//1 435//1 471//1 472//1
f 436//3 472//3 473//3 437//3
f 435//1 438//1 474//1 471//1
f 440//5 439//5 475//5 476//5
f 438//1 441//1 477//1 474//1
f 442//5 440//5 476//5 478//5
f 441//1 443//1 479//1 477//1
f 444//5 442//5 478//5 480//5
f 443//1 445//1 481//1 479//1
f 446//5 444//5 480//5 482//5
f 445//1 447//1 483//1 481//1
f 448//5 446//5 482//5 484//5
f 447//1 449//1 485//1 483//1
f 450//5 448//5 484//5 486//5
f 449//1 451//1 487//1 485//1
f 452//5 450//5 486//5 488//5
f 451//1 453//1 489//1 487//1
f 454//5 452//5 488//5 490//5
f 453//1 455//1 491//1 489//1
f 456//5 454//5 490//5 492//5
f 455//1 457//1 493//1 491//1
f 458//5 456//5 492//5 494//5
f 457//1 459//1 495//1 493//1
f 460//5 458//5 494//5 496//5
f 439//6 461//6 497//6 475//6
f 437//3 473//3 498//3 462//3
f 461//6 463//6 499//6 497//6
f 462//3 498//3 500//3 464//3
f 463//6 465//6 501//6 499//6
f 464//3 500//3 502//3 466//3
f 465//6 467//6 503//6 501//6
f 466//3 502//3 504//3 468//3
f 467//6 469//6 505//6 503//6
f 468//3 504//3 506//3 470//3
f 472//1 471//1 507//1 508//1
f 472//3 508//3 509//3 473//3
f 471//1 474//1 510//1 507//1
f 476//5 475//5 511//5 512//5
f 474//1 477//1 513//1 510//1
f 478//5 476//5 512//5 514//5
f 477//1 479//1 515//1 513//1
f 480//5 478//5 514//5 516//5
f 479//1 481//1 517//1 515//1
f 482//5 480//5 516//5 518//5
f 481//1 483//1 519//1 517//1
f 484//5 482//5 518//5 520//5
f 483//1 485//1 521//1 519//1
f 486//5 484//5 520//5 522//5
f 485//1 487//1 523//1 521//1
f 488//5 486//5 522//5 524//5
f 487//1 489//1 525//1 523//1
f 490//5 488//5 524//5 526//5
f 489//1 491//1 527//1 525//1
f 492//5 490//5 526//5 528//5
f 491//1 493//1 529//1 527//1
f 494//5 492//5 528//5 530//5
f 493//1 495//1 531//1 529//1
f 496//5 494//5 530//5 532//5
f 475//6 497//6 533//6 511//6
f 473//3 509//3 534//3 498//3
f 497//6 499//6 535//6 533//6
f 498//3 534//3 536//3 500//3
f 499//6 501//6 537//6 535//6
f 500//3 536//3 538//3 502//3
f 501//6 503//6 539//6 537//6
f 502//3 538//3 540//3 504//3
f 503//6 505//6 541//6 539//6
f 504//3 540//3 542//3 506//3
f 508//1 507//1 543//1 544//1
f 508//3 544//3 545//3 509//3
f 507//1 510//1 546//1 543//1
f 512//5 511//5 547//5 548//5
f 510//1 513//1 549//1 546//1
f 514//5 512//5 548//5 550//5
f 513//1 515//1 551//1 549//1
f 516//5 514//5 550//5 552//5
f 515//1 517//1 553//1 551//1
f 518//5 516//5 552//5 554//5
f 517//1 519//1 555//1 553//1
f 520//5 518//5 554//5 556//5
f 519//1 521//1 557//1 555//1
f 522//5 520//5 556//5 558//5
f 521//1 523//1 559//1 557//1
f 524//5 522//5 558//5 560//5
f 523//1 525//1 561//1 559//1
f 526//5 524//5 560//5 562//5
f 525//1 527//1 563//1 561//1
f 528//5 526//5 562//5 564//5
f 527//1 529//1 565//1 563//1
f 530//5 528//5 564//5 566//5
f 529//1 531//1 567//1 565//1
f 532//5 530//5 566//5 568//5
f 511//6 533//6 569//6 547//6
f 509//3 545//3 570//3 534//3
f 533//6 535//6 571//6 569//6
f 534//3 570//3 572//3 536//3
f 535//6 537//6 573//6 571//6
f 536//3 572//3 574//3 538//3
f 537//6 539//6 575//6 573//6
f 538//3 574//3 576//3 540//3
f 539//6 541//6 577//6 575//6
f 540//3 576//3 578//3 542//3
f 579//1 580//1 581//1 582//1
f 581//4 583//4 584//4 582//4
f 579//3 582//3 584//3 585//3
f 580//1 586//1 587//1 581//1
f 587//4 588//4 583//4 581//4
f 586//1 589//1 590//1 587//1
f 590//4 591//4 588//4 587//4
f 589//1 592//1 593//1 590//1
f 593//4 594//4 591//4 590//4
f 592//1 595//1 596//1 593//1
f 596//4 597//4 594//4 593//4
f 595//1 598//1 599//1 596//1
f 599//4 600//4 597//4 596//4
f 598//1 601//1 602//1 599//1
f 602//4 603//4 600//4 599//4
f 601//1 604//1 605//1 602//1
f 605//4 606//4 603//4 602//4
f 604//1 607//1 608//1 605//1
f 608//4 609//4 606//4 605//4
f 607//1 610//1 611//1 608//1
f 611//4 612//4 609//4 608//4
f 610//1 613//1 614//1 611//1
f 614//4 615//4 612//4 611//4
f 613//1 616//1 617//1 614//1
f 617//4 618//4 615//4 614//4
f 583//4 619//4 620//4 584//4
f 585//3 584//3 620//3 621//3
f 622//2 623//2 624//2 625//2
f 588//4 626//4 619//4 583//4
f 625//2 624//2 627//2 628//2
f 591//4 629//4 626//4 588//4
f 628//2 627//2 630//2 631//2
f 594//4 632//4 629//4 591//4
f 631//2 630//2 633//2 634//2
f 597//4 635//4 632//4 594//4
f 634//2 633//2 636//2 637//2
f 600//4 638//4 635//4 597//4
f 637//2 636//2 639//2 640//2
f 603//4 641//4 638//4 600//4
f 640//2 639//2 642//2 643//2
f 606//4 644//4 641//4 603//4
f 643//2 642//2 645//2 646//2
f 609//4 647//4 644//4 606//4
f 646//2 645//2 648//2 649//2
f 612//4 650//4 647//4 609//4
f 649//2 648//2 651//2 652//2
f 615//4 653//4 650//4 612//4
f 652//2 651//2 654//2 655//2
f 618//4 656//4 653//4 615//4
f 619//4 657//4 658//4 620//4
f 621//3 620//3 658//3 659//3
f 623//2 660//2 661//2 624//2
f 626//4 662//4 657//4 619//4
f 624//2 661//2 663//2 627//2
f 629//4 664//4 662//4 626//4
f 627//2 663//2 665//2 630//2
f 632//4 666//4 664//4 629//4
f 630//2 665//2 667//2 633//2
f 635//4 668//4 666//4 632//4
f 633//2 667//2 669//2 636//2
f 638//4 670//4 668//4 635//4
f 636//2 669//2 671//2 639//2
f 641//4 672//4 670//4 638//4
f 639//2 671//2 673//2 642//2
f 644//4 674//4 672//4 641//4
f 642//2 673//2 675//2 645//2
f 647//4 676//4 674//4 644//4
f 645//2 675//2 677//2 648//2
f 650//4 678//4 676//4 647//4
f 648//2 677//2 679//2 651//2
f 653//4 680//4 678//4 650//4
f 651//2 679//2 681//2 654//2
f 656//4 682//4 680//4 653//4
f 657//4 683//4 684//4 658//4
f 659//3 658//3 684//3 685//3
f 660//2 686//2 687//2 661//2
f 662//4 688//4 683//4 657//4
f 661//2 687//2 689//2 663//2
f 664//4 690//4 688//4 662//4
f 663//2 689//2 691//2 665//2
f 666//4 692//4 690//4 664//4
f 665//2 691//2 693//2 667//2
f 668//4 694//4 692//4 666//4
f 667//2 693//2 695//2 669//2
f 670//4 696//4 694//4 668//4
f 669//2 695//2 697//2 671//2
f 672//4 698//4 696//4 670//4
f 671//2 697//2 699//2 673//2
f 674//4 700//4 698//4 672//4
f 673//2 699//2 701//2 675//2
f 676//4 702//4 700//4 674//4
f 675//2 701//2 703//2 677//2
f 678//4 704//4 702//4 676//4
f 677//2 703//2 705//2 679//2
f 680//4 706//4 704//4 678//4
f 679//2 705//2 707//2 681//2
f 682//4 708//4 706//4 680//4
f 683//4 709//4 710//4 684//4
f 685//3 684//3 710//3 711//3
f 686//2 712//2 713//2 687//2
f 688//4 714//4 709//4 683//4
f 687//2 713//2 715//2 689//2
f 690//4 716//4 714//4 688//4
f 689//2 715//2 717//2 691//2
f 692//4 718//4 716//4 690//4
f 691//2 717//2 719//2 693//2
f 694//4 720//4 718//4 692//4
f 693//2 719//2 721//2 695//2
f 696//4 722//4 720//4 694//4
f 695//2 721//2 723//2 697//2
f 698//4 724//4 722//4 696//4
f 697//2 723//2 725//2 699//2
f 700//4 726//4 724//4 698//4
f 699//2 725//2 727//2 701//2
f 702//4 728//4 726//4 700//4
f 701//2 727//2 729//2 703//2
f 704//4 730//4 728//4 702//4
f 703//2 729//2 731//2 705//2
f 706//4 732//4 730//4 704//4
f 705//2 731//2 733//2 707//2
f 708//4 734//4 732//4 706//4
f 709//4 735//4 736//4 710//4
f 711//3 710//3 736//3 737//3
f 712//2 738//2 739//2 713//2
f 714//4 740//4 735//4 709//4
f 713//2 739//2 741//2 715//2
f 716//4 742//4 740//4 714//4
f 715//2 741//2 743//2 717//2
f 718//4 744//4 742//4 716//4
f 717//2 743//2 745//2 719//2
f 720//4 746//4 744//4 718//4
f 719//2 745//2 747//2 721//2
f 722//4 748//4 746//4 720//4
f 721//2 747//2 749//2 723//2
f 724//4 750//4 748//4 722//4
f 723//2 749//2 751//2 725//2
f 726//4 752//4 750//4 724//4
f 725//2 751//2 753//2 727//2
f 728//4 754//4 752//4 726//4
f 727//2 753//2 755//2 729//2
f 730//4 756//4 754//4 728//4
f 729//2 755//2 757//2 731//2
f 732//4 758//4 756//4 730//4
f 731//2 757//2 759//2 733//2
f 734//4 760//4 758//4 732//4
f 38//1 761//1 762//1 39//1
f 38//2 40//2 763//2 761//2
f 761//1 764//1 765//1 762//1
f 761//2 763//2 766//2 764//2
f 764//1 767//1 768//1 765//1
f 764//2 766//2 769//2 767//2
f 767//1 770//1 771//1 768//1
f 767//2 769//2 772//2 770//2
f 770//1 773//1 774//1 771//1
f 770//2 772//2 775//2 773//2
f 773//1 776//1 777//1 774//1
f 773//2 775//2 778//2 776//2
f 776//1 779//1 780//1 777//1
f 776//2 778//2 781//2 779//2
f 779//1 782//1 783//1 780//1
f 779//2 781//2 784//2 782//2
f 782//1 785//1 786//1 783//1
f 782//2 784//2 787//2 785//2
f 785//1 788//1 789//1 786//1
f 785//2 787//2 790//2 788//2
f 788//1 791//1 792//1 789//1
f 788//2 790//2 793//2 791//2
f 791//1 794//1 795//1 792//1
f 791//2 793//2 796//2 794//2
f 794//6 796//6 797//6 795//6
f 40//2 76//2 798//2 763//2
f 799//4 800//4 78//4 77//4
f 763//2 798//2 801//2 766//2
f 802//4 803//4 800//4 799//4
f 766//2 801//2 804//2 769//2
f 805//4 806//4 803//4 802//4
f 769//2 804//2 807//2 772//2
f 808//4 809//4 806//4 805//4
f 772//2 807//2 810//2 775//2
f 811//4 812//4 809//4 808//4
f 775//2 810//2 813//2 778//2
f 814//4 815//4 812//4 811//4
f 778//2 813//2 816//2 781//2
f 817//4 818//4 815//4 814//4
f 781//2 816//2 819//2 784//2
f 820//4 821//4 818//4 817//4
f 784//2 819//2 822//2 787//2
f 823//4 824//4 821//4 820//4
f 787//2 822//2 825//2 790//2
f 826//4 827//4 824//4 823//4
f 790//2 825//2 828//2 793//2
f 829//4 830//4 827//4 826//4
f 793//2 828//2 831//2 796//2
f 796//6 831//6 832//6 797//6
f 76//2 103//2 833//2 798//2
f 800//4 834//4 104//4 78//4
f 798//2 833//2 835//2 801//2
f 803//4 836//4 834//4 800//4
f 801//2 835//2 837//2 804//2
f 806//4 838//4 836//4 803//4
f 804//2 837//2 839//2 807//2
f 809//4 840//4 838//4 806//4
f 807//2 839//2 841//2 810//2
f 812//4 842//4 840//4 809//4
f 810//2 841//2 843//2 813//2
f 815//4 844//4 842//4 812//4
f 813//2 843//2 845//2 816//2
f 818//4 846//4 844//4 815//4
f 816//2 845//2 847//2 819//2
f 821//4 848//4 846//4 818//4
f 819//2 847//2 849//2 822//2
f 824//4 850//4 848//4 821//4
f 822//2 849//2 851//2 825//2
f 827//4 852//4 850//4 824//4
f 825//2 851//2 853//2 828//2
f 830//4 854//4 852//4 827//4
f 828//2 853//2 855//2 831//2
f 831//6 855//6 856//6 832//6
f 103//2 129//2 857//2 833//2
f 834//4 858//4 130//4 104//4
f 833//2 857//2 859//2 835//2
f 836//4 860//4 858//4 834//4
f 835//2 859//2 861//2 837//2
f 838//4 862//4 860//4 836//4
f 837//2 861//2 863//2 839//2
f 840//4 864//4 862//4 838//4
f 839//2 863//2 865//2 841//2
f 842//4 866//4 864//4 840//4
f 841//2 865//2 867//2 843//2
f 844//4 868//4 866//4 842//4
f 843//2 867//2 869//2 845//2
f 846//4 870//4 868//4 844//4
f 845//2 869//2 871//2 847//2
f 848//4 872//4 870//4 846//4
f 847//2 871//2 873//2 849//2
f 850//4 874//4 872//4 848//4
f 849//2 873//2 875//2 851//2
f 852//4 876//4 874//4 850//4
f 851//2 875//2 877//2 853//2
f 854//4 878//4 876//4 852//4
f 853//2 877//2 879//2 855//2
f 855//6 879//6 880//6 856//6
f 129//2 155//2 881//2 857//2
f 858//4 882//4 156//4 130//4
f 857//2 881//2 883//2 859//2
f 860//4 884//4 882//4 858//4
f 859//2 883//2 885//2 861//2
f 862//4 886//4 884//4 860//4
f 861//2 885//2 887//2 863//2
f 864//4 888//4 886//4 862//4
f 863//2 887//2 889//2 865//2
f 866//4 890//4 888//4 864//4
f 865//2 889//2 891//2 867//2
f 868//4 892//4 890//4 866//4
f 867//2 891//2 893//2 869//2
f 870//4 894//4 892//4 868//4
f 869//2 893//2 895//2 871//2
f 872//4 896//4 894//4 870//4
f 871//2 895//2 897//2 873//2
f 874//4 898//4 896//4 872//4
f 873//2 897//2 899//2 875//2
f 876//4 900//4 898//4 874//4
f 875//2 899//2 901//2 877//2
f 878//4 902//4 900//4 876//4
f 877//2 901//2 903//2 879//2
f 879//6 903//6 904//6 880//6
f 155//2 181//2 905//2 881//2
f 882//4 906//4 182//4 156//4
f 881//2 905//2 907//2 883//2
f 884//4 908//4 906//4 882//4
f 883//2 907//2 909//2 885//2
f 886//4 910//4 908//4 884//4
f 885//2 909//2 911//2 887//2
f 888//4 912//4 910//4 886//4
f 887//2 911//2 913//2 889//2
f 890//4 914//4 912//4 888//4
f 889//2 913//2 915//2 891//2
f 892//4 916//4 914//4 890//4
f 891//2 915//2 917//2 893//2
f 894//4 918//4 916//4 892//4
f 893//2 917//2 919//2 895//2
f 896//4 920//4 918//4 894//4
f 895//2 919//2 921//2 897//2
f 898//4 922//4 920//4 896//4
f 897//2 921//2 923//2 899//2
f 900//4 924//4 922//4 898//4
f 899//2 923//2 925//2 901//2
f 902//4 926//4 924//4 900//4
f 901//2 925//2 927//2 903//2
f 903//6 927//6 928//6 904//6
f 231//1 929//1 930//1 232//1
f 931//5 233//5 234//5 932//5
f 929//1 933//1 934//1 930//1
f 935//5 931//5 932//5 936//5
f 933//1 937//1 938//1 934//1
f 939//5 935//5 936//5 940//5
f 937//1 941//1 942//1 938//1
f 943//5 939//5 940//5 944//5
f 941//1 945//1 946//1 942//1
f 947//5 943//5 944//5 948//5
f 945//1 949//1 950//1 946//1
f 951//5 947//5 948//5 952//5
f 949//1 953//1 954//1 950//1
f 955//5 951//5 952//5 956//5
f 953//1 957//1 958//1 954//1
f 959//5 955//5 956//5 960//5
f 957//1 961//1 962//1 958//1
f 963//5 959//5 960//5 964//5
f 961//1 965//1 966//1 962//1
f 967//5 963//5 964//5 968//5
f 965//1 969//1 970//1 966//1
f 971//5 967//5 968//5 972//5
f 969//1 973//1 974//1 970//1
f 973//6 975//6 976//6 974//6
f 975//6 977//6 978//6 976//6
f 971//3 972//3 979//3 980//3
f 977//6 981//6 982//6 978//6
f 980//3 979//3 983//3 984//3
f 981//6 985//6 986//6 982//6
f 984//3 983//3 987//3 988//3
f 985//6 989//6 990//6 986//6
f 988//3 987//3 991//3 992//3
f 989//6 993//6 994//6 990//6
f 992//3 991//3 995//3 996//3
f 232//1 930//1 997//1 279//1
f 932//5 234//5 280//5 998//5
f 930//1 934//1 999//1 997//1
f 936//5 932//5 998//5 1000//5
f 934//1 938//1 1001//1 999//1
f 940//5 936//5 1000//5 1002//5
f 938//1 942//1 1003//1 1001//1
f 944//5 940//5 1002//5 1004//5
f 942//1 946//1 1005//1 1003//1
f 948//5 944//5 1004//5 1006//5
f 946//1 950//1 1007//1 1005//1
f 952//5 948//5 1006//5 1008//5
f 950//1 954//1 1009//1 1007//1
f 956//5 952//5 1008//5 1010//5
f 954//1 958//1 1011//1 1009//1
f 960//5 956//5 1010//5 1012//5
f 958//1 962//1 1013//1 1011//1
f 964//5 960//5 1012//5 1014//5
f 962//1 966//1 1015//1 1013//1
f 968//5 964//5 1014//5 1016//5
f 966//1 970//1 1017//1 1015//1
f 972//5 968//5 1016//5 1018//5
f 970//1 974//1 1019//1 1017//1
f 974//6 976//6 1020//6 1019//6
f 976//6 978//6 1021//6 1020//6
f 972//3 1018//3 1022//3 979//3
f 978//6 982//6 1023//6 1021//6
f 979//3 1022//3 1024//3 983//3
f 982//6 986//6 1025//6 1023//6
f 983//3 1024//3 1026//3 987//3
f 986//6 990//6 1027//6 1025//6
f 987//3 1026//3 1028//3 991//3
f 990//6 994//6 1029//6 1027//6
f 991//3 1028//3 1030//3 995//3
f 279//1 997//1 1031//1 315//1
f 998//5 280//5 316//5 1032//5
f 997//1 999//1 1033//1 1031//1
f 1000//5 998//5 1032//5 1034//5
f 999//1 1001//1 1035//1 1033//1
f 1002//5 1000//5 1034//5 1036//5
f 1001//1 1003//1 1037//1 1035//1
f 1004//5 1002//5 1036//5 1038//5
f 1003//1 1005//1 1039//1 1037//1
f 1006//5 1004//5 1038//5 1040//5
f 1005//1 1007//1 1041//1 1039//1
f 1008//5 1006//5 1040//5 1042//5
f 1007//1 1009//1 1043//1 1041//1
f 1010//5 1008//5 1042//5 1044//5
f 1009//1 1011//1 1045//1 1043//1
f 1012//5 1010//5 1044//5 1046//5
f 1011//1 1013//1 1047//1 1045//1
f 1014//5 1012//5 1046//5 1048//5
f 1013//1 1015//1 1049//1 1047//1
f 1016//5 1014//5 1048//5 1050//5
f 1015//1 1017//1 1051//1 1049//1
f 1018//5 1016//5 1050//5 1052//5
f 1017//1 1019//1 1053//1 1051//1
f 1019//6 1020//6 1054//6 1053//6
f 1020//6 1021//6 1055//6 1054//6
f 1018//3 1052//3 1056//3 1022//3
f 1021//6 1023//6 1057//6 1055//6
f 1022//3 1056//3 1058//3 1024//3
f 1023//6 1025//6 1059//6 1057//6
f 1024//3 1058//3 1060//3 1026//3
f 1025//6 1027//6 1061//6 1059//6
f 1026//3 1060//3 1062//3 1028//3
f 1027//6 1029//6 1063//6 1061//6
f 1028//3 1062//3 1064//3 1030//3
f 315//1 1031//1 1065//1 351//1
f 1032//5 316//5 352//5 1066//5
f 1031//1 1033//1 1067//1 1065//1
f 1034//5 1032//5 1066//5 1068//5
f 1033//1 1035//1 1069//1 1067//1
f 1036//5 1034//5 1068//5 1070//5
f 1035//1 1037//1 1071//1 1069//1
f 1038//5 1036//5 1070//5 1072//5
f 1037//1 1039//1 1073//1 1071//1
f 1040//5 1038//5 1072//5 1074//5
f 1039//1 1041//1 1075//1 1073//1
f 1042//5 1040//5 1074//5 1076//5
f 1041//1 1043//1 1077//1 1075//1
f 1044//5 1042//5 1076//5 1078//5
f 1043//1 1045//1 1079//1 1077//1
f 1046//5 1044//5 1078//5 1080//5
f 1045//1 1047//1 1081//1 1079//1
f 1048//5 1046//5 1080//5 1082//5
f 1047//1 1049//1 1083//1 1081//1
f 1050//5 1048//5 1082//5 1084//5
f 1049//1 1051//1 1085//1 1083//1
f 1052//5 1050//5 1084//5 1086//5
f 1051//1 1053//1 1087//1 1085//1
f 1053//6 1054//6 1088//6 1087//6
f 1054//6 1055//6 1089//6 1088//6
f 1052//3 1086//3 1090//3 1056//3
f 1055//6 1057//6 1091//6 1089//6
f 1056//3 1090//3 1092//3 1058//3
f 1057//6 1059//6 1093//6 1091//6
f 1058//3 1092//3 1094//3 1060//3
f 1059//6 1061//6 1095//6 1093//6
f 1060//3 1094//3 1096//3 1062//3
f 1095//4 1097//4 1098//4 1096//4
f 1061//6 1063//6 1097//6 1095//6
f 1062//3 1096//3 1098//3 1064//3
f 351//1 1065//1 1099//1 387//1
f 1066//5 352//5 388//5 1100//5
f 1065//1 1067//1 1101//1 1099//1
f 1068//5 1066//5 1100//5 1102//5
f 1067//1 1069//1 1103//1 1101//1
f 1070//5 1068//5 1102//5 1104//5
f 1069//1 1071//1 1105//1 1103//1
f 1072//5 1070//5 1104//5 1106//5
f 1071//1 1073//1 1107//1 1105//1
f 1074//5 1072//5 1106//5 1108//5
f 1073//1 1075//1 1109//1 1107//1
f 1076//5 1074//5 1108//5 1110//5
f 1075//1 1077//1 1111//1 1109//1
f 1078//5 1076//5 1110//5 1112//5
f 1077//1 1079//1 1113//1 1111//1
f 1080//5 1078//5 1112//5 1114//5
f 1079//1 1081//1 1115//1 1113//1
f 1082//5 1080//5 1114//5 1116//5
f 1081//1 1083//1 1117//1 1115//1
f 1084//5 1082//5 1116//5 1118//5
f 1083//1 1085//1 1119//1 1117//1
f 1086//5 1084//5 1118//5 1120//5
f 1085//1 1087//1 1121//1 1119//1
f 1087//6 1088//6 1122//6 1121//6
f 1088//6 1089//6 1123//6 1122//6
f 1086//3 1120//3 1124//3 1090//3
f 1089//6 1091//6 1125//6 1123//6
f 1090//3 1124//3 1126//3 1092//3
f 1091//6 1093//6 1127//6 1125//6
f 1092//3 1126//3 1128//3 1094//3
f 1095//5 1096//5 1129//5 1130//5
f 1093//6 1095//6 1130//6 1127//6
f 1094//3 1128//3 1129//3 1096//3
f 387//1 1099//1 1131//1 423//1
f 1100//5 388//5 424//5 1132//5
f 1099//1 1101//1 1133//1 1131//1
f 1102//5 1100//5 1132//5 1134//5
f 1101//1 1103//1 1135//1 1133//1
f 1104//5 1102//5 1134//5 1136//5
f 1103//1 1105//1 1137//1 1135//1
f 1106//5 1104//5 1136//5 1138//5
f 1105//1 1107//1 1139//1 1137//1
f 1108//5 1106//5 1138//5 1140//5
f 1107//1 1109//1 1141//1 1139//1
f 1110//5 1108//5 1140//5 1142//5
f 1109//1 1111//1 1143//1 1141//1
f 1112//5 1110//5 1142//5 1144//5
f 1111//1 1113//1 1145//1 1143//1
f 1114//5 1112//5 1144//5 1146//5
f 1113//1 1115//1 1147//1 1145//1
f 1116//5 1114//5 1146//5 1148//5
f 1115//1 1117//1 1149//1 1147//1
f 1118//5 1116//5 1148//5 1150//5
f 1117//1 1119//1 1151//1 1149//1
f 1120//5 1118//5 1150//5 1152//5
f 1119//1 1121//1 1153//1 1151//1
f 1121//6 1122//6 1154//6 1153//6
f 1122//6 1123//6 1155//6 1154//6
f 1120//3 1152//3 1156//3 1124//3
f 1123//6 1125//6 1157//6 1155//6
f 1124//3 1156//3 1158//3 1126//3
f 1125//6 1127//6 1159//6 1157//6
f 1126//3 1158//3 1160//3 1128//3
f 1130//5 1129//5 1161//5 1162//5
f 1127//6 1130//6 1162//6 1159//6
f 1128//3 1160//3 1161//3 1129//3
f 423//1 1131//1 1163//1 459//1
f 1132//5 424//5 460//5 1164//5
f 1131//1 1133//1 1165//1 1163//1
f 1134//5 1132//5 1164//5 1166//5
f 1133//1 1135//1 1167//1 1165//1
f 1136//5 1134//5 1166//5 1168//5
f 1135//1 1137//1 1169//1 1167//1
f 1138//5 1136//5 1168//5 1170//5
f 1137//1 1139//1 1171//1 1169//1
f 1140//5 1138//5 1170//5 1172//5
f 1139//1 1141//1 1173//1 1171//1
f 1142//5 1140//5 1172//5 1174//5
f 1141//1 1143//1 1175//1 1173//1
f 1144//5 1142//5 1174//5 1176//5
f 1143//1 1145//1 1177//1 1175//1
f 1146//5 1144//5 1176//5 1178//5
f 1145//1 1147//1 1179//1 1177//1
f 1148//5 1146//5 1178//5 1180//5
f 1147//1 1149//1 1181//1 1179//1
f 1150//5 1148//5 1180//5 1182//5
f 1149//1 1151//1 1183//1 1181//1
f 1152//5 1150//5 1182//5 1184//5
f 1151//1 1153//1 1185//1 1183//1
f 1153//6 1154//6 1186//6 1185//6
f 1154//6 1155//6 1187//6 1186//6
f 1152//3 1184//3 1188//3 1156//3
f 1155//6 1157//6 1189//6 1187//6
f 1156//3 1188//3 1190//3 1158//3
f 1157//6 1159//6 1191//6 1189//6
f 1158//3 1190//3 1192//3 1160//3
f 1162//5 1161//5 1193//5 1194//5
f 1159//6 1162//6 1194//6 1191//6
f 1160//3 1192//3 1193//3 1161//3
f 459//1 1163//1 1195//1 495//1
f 1164//5 460//5 496//5 1196//5
f 1163//1 1165//1 1197//1 1195//1
f 1166//5 1164//5 1196//5 1198//5
f 1165//1 1167//1 1199//1 1197//1
f 1168//5 1166//5 1198//5 1200//5
f 1167//1 1169//1 1201//1 1199//1
f 1170//5 1168//5 1200//5 1202//5
f 1169//1 1171//1 1203//1 1201//1
f 1172//5 1170//5 1202//5 1204//5
f 1171//1 1173//1 1205//1 1203//1
f 1174//5 1172//5 1204//5 1206//5
f 1173//1 1175//1 1207//1 1205//1
f 1176//5 1174//5 1206//5 1208//5
f 1175//1 1177//1 1209//1 1207//1
f 1178//5 1176//5 1208//5 1210//5
f 1177//1 1179//1 1211//1 1209//1
f 1180//5 1178//5 1210//5 1212//5
f 1179//1 1181//1 1213//1 1211//1
f 1182//5 1180//5 1212//5 1214//5
f 1181//1 1183//1 1215//1 1213//1
f 1184//5 1182//5 1214//5 1216//5
f 1183//1 1185//1 1217//1 1215//1
f 1185//6 1186//6 1218//6 1217//6
f 1186//6 1187//6 1219//6 1218//6
f 1184//3 1216//3 1220//3 1188//3
f 1187//6 1189//6 1221//6 1219//6
f 1188//3 1220//3 1222//3 1190//3
f 1189//6 1191//6 1223//6 1221//6
f 1190//3 1222//3 1224//3 1192//3
f 1191//6 1194//6 1225//6 1223//6
f 1192//3 1224//3 1226//3 1193//3
f 1193//2 1227//2 1228//2 1194//2
f 1194//6 1228//6 1229//6 1225//6
f 1193//3 1226//3 1230//3 1227//3
f 495//1 1195//1 1231//1 531//1
f 1196//5 496//5 532//5 1232//5
f 1195//1 1197//1 1233//1 1231//1
f 1198//5 1196//5 1232//5 1234//5
f 1197//1 1199//1 1235//1 1233//1
f 1200//5 1198//5 1234//5 1236//5
f 1199//1 1201//1 1237//1 1235//1
f 1202//5 1200//5 1236//5 1238//5
f 1201//1 1203//1 1239//1 1237//1
f 1204//5 1202//5 1238//5 1240//5
f 1203//1 1205//1 1241//1 1239//1
f 1206//5 1204//5 1240//5 1242//5
f 1205//1 1207//1 1243//1 1241//1
f 1208//5 1206//5 1242//5 1244//5
f 1207//1 1209//1 1245//1 1243//1
f 1210//5 1208//5 1244//5 1246//5
f 1209//1 1211//1 1247//1 1245//1
f 1212//5 1210//5 1246//5 1248//5
f 1211//1 1213//1 1249//1 1247//1
f 1214//5 1212//5 1248//5 1250//5
f 1213//1 1215//1 1251//1 1249//1
f 1216//5 1214//5 1250//5 1252//5
f 1215//1 1217//1 1253//1 1251//1
f 1217//6 1218//6 1254//6 1253//6
f 1218//6 1219//6 1255//6 1254//6
f 1216//3 1252//3 1256//3 1220//3
f 1219//6 1221//6 1257//6 1255//6
f 1220//3 1256//3 1258//3 1222//3
f 1221//6 1223//6 1259//6 1257//6
f 1222//3 1258//3 1260//3 1224//3
f 1223//6 1225//6 1261//6 1259//6
f 1224//3 1260//3 1262//3 1226//3
f 1225//6 1229//6 1263//6 1261//6
f 1226//3 1262//3 1264//3 1230//3
f 531//1 1231//1 1265//1 567//1
f 1232//5 532//5 568//5 1266//5
f 1231//1 1233//1 1267//1 1265//1
f 1234//5 1232//5 1266//5 1268//5
f 1233//1 1235//1 1269//1 1267//1
f 1236//5 1234//5 1268//5 1270//5
f 1235//1 1237//1 1271//1 1269//1
f 1238//5 1236//5 1270//5 1272//5
f 1237//1 1239//1 1273//1 1271//1
f 1240//5 1238//5 1272//5 1274//5
f 1239//1 1241//1 1275//1 1273//1
f 1242//5 1240//5 1274//5 1276//5
f 1241//1 1243//1 1277//1 1275//1
f 1244//5 1242//5 1276//5 1278//5
f 1243//1 1245//1 1279//1 1277//1
f 1246//5 1244//5 1278//5 1280//5
f 1245//1 1247//1 1281//1 1279//1
f 1248//5 1246//5 1280//5 1282//5
f 1247//1 1249//1 1283//1 1281//1
f 1250//5 1248//5 1282//5 1284//5
f 1249//1 1251//1 1285//1 1283//1
f 1252//5 1250//5 1284//5 1286//5
f 1251//1 1253//1 1287//1 1285//1
f 1253//6 1254//6 1288//6 1287//6
f 1254//6 1255//6 1289//6 1288//6
f 1252//3 1286//3 1290//3 1256//3
f 1255//6 1257//6 1291//6 1289//6
f 1256//3 1290//3 1292//3 1258//3
f 1257//6 1259//6 1293//6 1291//6
f 1258//3 1292//3 1294//3 1260//3
f 1259//6 1261//6 1295//6 1293//6
f 1260//3 1294//3 1296//3 1262//3
f 1261//6 1263//6 1297//6 1295//6
f 1262//3 1296//3 1298//3 1264//3
f 616//1 1299//1 1300//1 617//1
f 1300//4 1301//4 618//4 617//4
f 1299//1 1302//1 1303//1 1300//1
f 1303//4 1304//4 1301//4 1300//4
f 1302//1 1305//1 1306//1 1303//1
f 1306//4 1307//4 1304//4 1303//4
f 1305//1 1308//1 1309//1 1306//1
f 1309//4 1310//4 1307//4 1306//4
f 1308//1 1311//1 1312//1 1309//1
f 1312//4 1313//4 1310//4 1309//4
f 1311//1 1314//1 1315//1 1312//1
f 1315//4 1316//4 1313//4 1312//4
f 1314//1 1317//1 1318//1 1315//1
f 1318//4 1319//4 1316//4 1315//4
f 1317//1 1320//1 1321//1 1318//1
f 1321//4 1322//4 1319//4 1318//4
f 1320//1 1323//1 1324//1 1321//1
f 1324//4 1325//4 1322//4 1321//4
f 1323//1 1326//1 1327//1 1324//1
f 1327//4 1328//4 1325//4 1324//4
f 1326//1 1329//1 1330//1 1327//1
f 1330//4 1331//4 1328//4 1327//4
f 1329//1 1332//1 1333//1 1330//1
f 1333//4 1334//4 1331//4 1330//4
f 1332//6 1335//6 1334//6 1333//6
f 655//2 654//2 1336//2 1337//2
f 1301//4 1338//4 656//4 618//4
f 1337//2 1336//2 1339//2 1340//2
f 1304//4 1341//4 1338//4 1301//4
f 1340//2 1339//2 1342//2 1343//2
f 1307//4 1344//4 1341//4 1304//4
f 1343//2 1342//2 1345//2 1346//2
f 1310//4 1347//4 1344//4 1307//4
f 1346//2 1345//2 1348//2 1349//2
f 1313//4 1350//4 1347//4 1310//4
f 1349//2 1348//2 1351//2 1352//2
f 1316//4 1353//4 1350//4 1313//4
f 1352//2 1351//2 1354//2 1355//2
f 1319//4 1356//4 1353//4 1316//4
f 1355//2 1354//2 1357//2 1358//2
f 1322//4 1359//4 1356//4 1319//4
f 1358//2 1357//2 1360//2 1361//2
f 1325//4 1362//4 1359//4 1322//4
f 1361//2 1360//2 1363//2 1364//2
f 1328//4 1365//4 1362//4 1325//4
f 1364//2 1363//2 1366//2 1367//2
f 1331//4 1368//4 1365//4 1328//4
f 1334//4 1369//4 1368//4 1331//4
f 1335//6 1370//6 1369//6 1334//6
f 654//2 681//2 1371//2 1336//2
f 1338//4 1372//4 682//4 656//4
f 1336//2 1371//2 1373//2 1339//2
f 1341//4 1374//4 1372//4 1338//4
f 1339//2 1373//2 1375//2 1342//2
f 1344//4 1376//4 1374//4 1341//4
f 1342//2 1375//2 1377//2 1345//2
f 1347//4 1378//4 1376//4 1344//4
f 1345//2 1377//2 1379//2 1348//2
f 1350//4 1380//4 1378//4 1347//4
f 1348//2 1379//2 1381//2 1351//2
f 1353//4 1382//4 1380//4 1350//4
f 1351//2 1381//2 1383//2 1354//2
f 1356//4 1384//4 1382//4 1353//4
f 1354//2 1383//2 1385//2 1357//2
f 1359//4 1386//4 1384//4 1356//4
f 1357//2 1385//2 1387//2 1360//2
f 1362//4 1388//4 1386//4 1359//4
f 1360//2 1387//2 1389//2 1363//2
f 1365//4 1390//4 1388//4 1362//4
f 1363//2 1389//2 1391//2 1366//2
f 1368//4 1392//4 1390//4 1365//4
f 1369//4 1393//4 1392//4 1368//4
f 1370//6 1394//6 1393//6 1369//6
f 681//2 707//2 1395//2 1371//2
f 1372//4 1396//4 708//4 682//4
f 1371//2 1395//2 1397//2 1373//2
f 1374//4 1398//4 1396//4 1372//4
f 1373//2 1397//2 1399//2 1375//2
f 1376//4 1400//4 1398//4 1374//4
f 1375//2 1399//2 1401//2 1377//2
f 1378//4 1402//4 1400//4 1376//4
f 1377//2 1401//2 1403//2 1379//2
f 1380//4 1404//4 1402//4 1378//4
f 1379//2 1403//2 1405//2 1381//2
f 1382//4 1406//4 1404//4 1380//4
f 1381//2 1405//2 1407//2 1383//2
f 1384//4 1408//4 1406//4 1382//4
f 1383//2 1407//2 1409//2 1385//2
f 1386//4 1410//4 1408//4 1384//4
f 1385//2 1409//2 1411//2 1387//2
f 1388//4 1412//4 1410//4 1386//4
f 1387//2 1411//2 1413//2 1389//2
f 1390//4 1414//4 1412//4 1388//4
f 1389//2 1413//2 1415//2 1391//2
f 1392//4 1416//4 1414//4 1390//4
f 1393//4 1417//4 1416//4 1392//4
f 1394//6 1418//6 1417//6 1393//6
f 707//2 733//2 1419//2 1395//2
f 1396//4 1420//4 734//4 708//4
f 1395//2 1419//2 1421//2 1397//2
f 1398//4 1422//4 1420//4 1396//4
f 1397//2 1421//2 1423//2 1399//2
f 1400//4 1424//4 1422//4 1398//4
f 1399//2 1423//2 1425//2 1401//2
f 1402//4 1426//4 1424//4 1400//4
f 1401//2 1425//2 1427//2 1403//2
f 1404//4 1428//4 1426//4 1402//4
f 1403//2 1427//2 1429//2 1405//2
f 1406//4 1430//4 1428//4 1404//4
f 1405//2 1429//2 1431//2 1407//2
f 1408//4 1432//4 1430//4 1406//4
f 1407//2 1431//2 1433//2 1409//2
f 1410//4 1434//4 1432//4 1408//4
f 1409//2 1433//2 1435//2 1411//2
f 1412//4 1436//4 1434//4 1410//4
f 1411//2 1435//2 1437//2 1413//2
f 1414//4 1438//4 1436//4 1412//4
f 1413//2 1437//2 1439//2 1415//2
f 1416//4 1440//4 1438//4 1414//4
f 1417//4 1441//4 1440//4 1416//4
f 1418//6 1442//6 1441//6 1417//6
f 733//2 759//2 1443//2 1419//2
f 1420//4 1444//4 760//4 734//4
f 1419//2 1443//2 1445//2 1421//2
f 1422//4 1446//4 1444//4 1420//4
f 1421//2 1445//2 1447//2 1423//2
f 1424//4 1448//4 1446//4 1422//4
f 1423//2 1447//2 1449//2 1425//2
f 1426//4 1450//4 1448//4 1424//4
f 1425//2 1449//2 1451//2 1427//2
f 1428//4 1452//4 1450//4 1426//4
f 1427//2 1451//2 1453//2 1429//2
f 1430//4 1454//4 1452//4 1428//4
f 1429//2 1453//2 1455//2 1431//2
f 1432//4 1456//4 1454//4 1430//4
f 1431//2 1455//2 1457//2 1433//2
f 1434//4 1458//4 1456//4 1432//4
f 1433//2 1457//2 1459//2 1435//2
f 1436//4 1460//4 1458//4 1434//4
f 1435//2 1459//2 1461//2 1437//2
f 1438//4 1462//4 1460//4 1436//4
f 1437//2 1461//2 1463//2 1439//2
f 1440//4 1464//4 1462//4 1438//4
f 1441//4 1465//4 1464//4 1440//4
f 1442//6 1466//6 1465//6 1441//6
f 1467//2 1468//2 1469//2 1470//2
f 1467//3 1471//3 1472//3 1468//3
f 1470//2 1469//2 1473//2 1474//2
f 1475//4 1476//4 1477//4 1478//4
f 1474//2 1473//2 1479//2 1480//2
f 1481//4 1482//4 1476//4 1475//4
f 1480//2 1479//2 1483//2 1484//2
f 1485//4 1486//4 1482//4 1481//4
f 1484//2 1483//2 1487//2 1488//2
f 1489//4 1490//4 1486//4 1485//4
f 1488//2 1487//2 1491//2 1492//2
f 1493//4 1494//4 1490//4 1489//4
f 1492//2 1491//2 1495//2 1496//2
f 1497//4 1498//4 1494//4 1493//4
f 1496//2 1495//2 1499//2 1500//2
f 1501//4 1502//4 1498//4 1497//4
f 1500//2 1499//2 1503//2 1504//2
f 1505//4 1506//4 1502//4 1501//4
f 1504//2 1503//2 1507//2 1508//2
f 1509//4 1510//4 1506//4 1505//4
f 1508//2 1507//2 1511//2 1512//2
f 1513//4 1514//4 1510//4 1509//4
f 1512//2 1511//2 1515//2 1516//2
f 1517//4 1518//4 1514//4 1513//4
f 1468//2 1519//2 1520//2 1469//2
f 1468//3 1472//3 1521//3 1519//3
f 1469//2 1520//2 1522//2 1473//2
f 1476//4 1523//4 1524//4 1477//4
f 1473//2 1522//2 1525//2 1479//2
f 1482//4 1526//4 1523//4 1476//4
f 1479//2 1525//2 1527//2 1483//2
f 1486//4 1528//4 1526//4 1482//4
f 1483//2 1527//2 1529//2 1487//2
f 1490//4 1530//4 1528//4 1486//4
f 1487//2 1529//2 1531//2 1491//2
f 1494//4 1532//4 1530//4 1490//4
f 1491//2 1531//2 1533//2 1495//2
f 1498//4 1534//4 1532//4 1494//4
f 1495//2 1533//2 1535//2 1499//2
f 1502//4 1536//4 1534//4 1498//4
f 1499//2 1535//2 1537//2 1503//2
f 1506//4 1538//4 1536//4 1502//4
f 1503//2 1537//2 1539//2 1507//2
f 1510//4 1540//4 1538//4 1506//4
f 1507//2 1539//2 1541//2 1511//2
f 1514//4 1542//4 1540//4 1510//4
f 1511//2 1541//2 1543//2 1515//2
f 1518//4 1544//4 1542//4 1514//4
f 1519//2 1545//2 1546//2 1520//2
f 1519//3 1521//3 1547//3 1545//3
f 1520//2 1546//2 1548//2 1522//2
f 1523//4 1549//4 1550//4 1524//4
f 1522//2 1548//2 1551//2 1525//2
f 1526//4 1552//4 1549//4 1523//4
f 1525//2 1551//2 1553//2 1527//2
f 1528//4 1554//4 1552//4 1526//4
f 1527//2 1553//2 1555//2 1529//2
f 1530//4 1556//4 1554//4 1528//4
f 1529//2 1555//2 1557//2 1531//2
f 1532//4 1558//4 1556//4 1530//4
f 1531//2 1557//2 1559//2 1533//2
f 1534//4 1560//4 1558//4 1532//4
f 1533//2 1559//2 1561//2 1535//2
f 1536//4 1562//4 1560//4 1534//4
f 1535//2 1561//2 1563//2 1537//2
f 1538//4 1564//4 1562//4 1536//4
f 1537//2 1563//2 1565//2 1539//2
f 1540//4 1566//4 1564//4 1538//4
f 1539//2 1565//2 1567//2 1541//2
f 1542//4 1568//4 1566//4 1540//4
f 1541//2 1567//2 1569//2 1543//2
f 1544//4 1570//4 1568//4 1542//4
f 1545//2 1571//2 1572//2 1546//2
f 1545//3 1547//3 1573//3 1571//3
f 1546//2 1572//2 1574//2 1548//2
f 1549//4 1575//4 1576//4 1550//4
f 1548//2 1574//2 1577//2 1551//2
f 1552//4 1578//4 1575//4 1549//4
f 1551//2 1577//2 1579//2 1553//2
f 1554//4 1580//4 1578//4 1552//4
f 1553//2 1579//2 1581//2 1555//2
f 1556//4 1582//4 1580//4 1554//4
f 1555//2 1581//2 1583//2 1557//2
f 1558//4 1584//4 1582//4 1556//4
f 1557//2 1583//2 1585//2 1559//2
f 1560//4 1586//4 1584//4 1558//4
f 1559//2 1585//2 1587//2 1561//2
f 1562//4 1588//4 1586//4 1560//4
f 1561//2 1587//2 1589//2 1563//2
f 1564//4 1590//4 1588//4 1562//4
f 1563//2 1589//2 1591//2 1565//2
f 1566//4 1592//4 1590//4 1564//4
f 1565//2 1591//2 1593//2 1567//2
f 1568//4 1594//4 1592//4 1566//4
f 1567//2 1593//2 1595//2 1569//2
f 1570//4 1596//4 1594//4 1568//4
f 1571//2 1597//2 1598//2 1572//2
f 1571//3 1573//3 1599//3 1597//3
f 1572//2 1598//2 1600//2 1574//2
f 1575//4 1601//4 1602//4 1576//4
f 1574//2 1600//2 1603//2 1577//2
f 1578//4 1604//4 1601//4 1575//4
f 1577//2 1603//2 1605//2 1579//2
f 1580//4 1606//4 1604//4 1578//4
f 1579//2 1605//2 1607//2 1581//2
f 1582//4 1608//4 1606//4 1580//4
f 1581//2 1607//2 1609//2 1583//2
f 1584//4 1610//4 1608//4 1582//4
f 1583//2 1609//2 1611//2 1585//2
f 1586//4 1612//4 1610//4 1584//4
f 1585//2 1611//2 1613//2 1587//2
f 1588//4 1614//4 1612//4 1586//4
f 1587//2 1613//2 1615//2 1589//2
f 1590//4 1616//4 1614//4 1588//4
f 1589//2 1615//2 1617//2 1591//2
f 1592//4 1618//4 1616//4 1590//4
f 1591//2 1617//2 1619//2 1593//2
f 1594//4 1620//4 1618//4 1592//4
f 1593//2 1619//2 1621//2 1595//2
f 1596//4 1622//4 1620//4 1594//4
f 1597//2 1623//2 1624//2 1598//2
f 1597//3 1599//3 1625//3 1623//3
f 1598//2 1624//2 1626//2 1600//2
f 1601//4 1627//4 1628//4 1602//4
f 1600//2 1626//2 1629//2 1603//2
f 1604//4 1630//4 1627//4 1601//4
f 1603//2 1629//2 1631//2 1605//2
f 1606//4 1632//4 1630//4 1604//4
f 1605//2 1631//2 1633//2 1607//2
f 1608//4 1634//4 1632//4 1606//4
f 1607//2 1633//2 1635//2 1609//2
f 1610//4 1636//4 1634//4 1608//4
f 1609//2 1635//2 1637//2 1611//2
f 1612//4 1638//4 1636//4 1610//4
f 1611//2 1637//2 1639//2 1613//2
f 1614//4 1640//4 1638//4 1612//4
f 1613//2 1639//2 1641//2 1615//2
f 1616//4 1642//4 1640//4 1614//4
f 1615//2 1641//2 1643//2 1617//2
f 1618//4 1644//4 1642//4 1616//4
f 1617//2 1643//2 1645//2 1619//2
f 1620//4 1646//4 1644//4 1618//4
f 1619//2 1645//2 1647//2 1621//2
f 1622//4 1648//4 1646//4 1620//4
f 1623//2 1649//2 1650//2 1624//2
f 1623//3 1625//3 1651//3 1649//3
f 1624//2 1650//2 1652//2 1626//2
f 1627//4 1653//4 1654//4 1628//4
f 1626//2 1652//2 1655//2 1629//2
f 1630//4 1656//4 1653//4 1627//4
f 1629//2 1655//2 1657//2 1631//2
f 1632//4 1658//4 1656//4 1630//4
f 1631//2 1657//2 1659//2 1633//2
f 1634//4 1660//4 1658//4 1632//4
f 1633//2 1659//2 1661//2 1635//2
f 1636//4 1662//4 1660//4 1634//4
f 1635//2 1661//2 1663//2 1637//2
f 1638//4 1664//4 1662//4 1636//4
f 1637//2 1663//2 1665//2 1639//2
f 1640//4 1666//4 1664//4 1638//4
f 1639//2 1665//2 1667//2 1641//2
f 1642//4 1668//4 1666//4 1640//4
f 1641//2 1667//2 1669//2 1643//2
f 1644//4 1670//4 1668//4 1642//4
f 1643//2 1669//2 1671//2 1645//2
f 1646//4 1672//4 1670//4 1644//4
f 1645//2 1671//2 1673//2 1647//2
f 1648//4 1674//4 1672//4 1646//4
f 1649//2 1675//2 1676//2 1650//2
f 1649//3 1651//3 1677//3 1675//3
f 1650//2 1676//2 1678//2 1652//2
f 1653//4 1679//4 1680//4 1654//4
f 1652//2 1678//2 1681//2 1655//2
f 1656//4 1682//4 1679//4 1653//4
f 1655//2 1681//2 1683//2 1657//2
f 1658//4 1684//4 1682//4 1656//4
f 1657//2 1683//2 1685//2 1659//2
f 1660//4 1686//4 1684//4 1658//4
f 1659//2 1685//2 1687//2 1661//2
f 1662//4 1688//4 1686//4 1660//4
f 1661//2 1687//2 1689//2 1663//2
f 1664//4 1690//4 1688//4 1662//4
f 1663//2 1689//2 1691//2 1665//2
f 1666//4 1692//4 1690//4 1664//4
f 1665//2 1691//2 1693//2 1667//2
f 1668//4 1694//4 1692//4 1666//4
f 1667//2 1693//2 1695//2 1669//2
f 1670//4 1696//4 1694//4 1668//4
f 1669//2 1695//2 1697//2 1671//2
f 1672//4 1698//4 1696//4 1670//4
f 1671//2 1697//2 1699//2 1673//2
f 1674//4 1700//4 1698//4 1672//4
f 1675//2 1701//2 1702//2 1676//2
f 1675//3 1677//3 1703//3 1701//3
f 1676//2 1702//2 1704//2 1678//2
f 1679//4 1705//4 1706//4 1680//4
f 1678//2 1704//2 1707//2 1681//2
f 1682//4 1708//4 1705//4 1679//4
f 1681//2 1707//2 1709//2 1683//2
f 1684//4 1710//4 1708//4 1682//4
f 1683//2 1709//2 1711//2 1685//2
f 1686//4 1712//4 1710//4 1684//4
f 1685//2 1711//2 1713//2 1687//2
f 1688//4 1714//4 1712//4 1686//4
f 1687//2 1713//2 1715//2 1689//2
f 1690//4 1716//4 1714//4 1688//4
f 1689//2 1715//2 1717//2 1691//2
f 1692//4 1718//4 1716//4 1690//4
f 1691//2 1717//2 1719//2 1693//2
f 1694//4 1720//4 1718//4 1692//4
f 1693//2 1719//2 1721//2 1695//2
f 1696//4 1722//4 1720//4 1694//4
f 1695//2 1721//2 1723//2 1697//2
f 1698//4 1724//4 1722//4 1696//4
f 1697//2 1723//2 1725//2 1699//2
f 1700//4 1726//4 1724//4 1698//4
f 1727//5 1728//5 1729//5 1730//5
f 1701//2 1728//2 1727//2 1702//2
f 1701//3 1703//3 1729//3 1728//3
f 1731//5 1727//5 1730//5 1732//5
f 1702//2 1727//2 1731//2 1704//2
f 1733//5 1731//5 1732//5 1734//5
f 1704//2 1731//2 1733//2 1707//2
f 1735//5 1733//5 1734//5 1736//5
f 1707//2 1733//2 1735//2 1709//2
f 1737//5 1735//5 1736//5 1738//5
f 1709//2 1735//2 1737//2 1711//2
f 1739//5 1737//5 1738//5 1740//5
f 1711//2 1737//2 1739//2 1713//2
f 1741//5 1739//5 1740//5 1742//5
f 1713//2 1739//2 1741//2 1715//2
f 1743//5 1741//5 1742//5 1744//5
f 1715//2 1741//2 1743//2 1717//2
f 1745//5 1743//5 1744//5 1746//5
f 1717//2 1743//2 1745//2 1719//2
f 1747//5 1745//5 1746//5 1748//5
f 1719//2 1745//2 1747//2 1721//2
f 1749//5 1747//5 1748//5 1750//5
f 1721//2 1747//2 1749//2 1723//2
f 1724//4 1750//4 1748//4 1722//4
f 1751//5 1749//5 1750//5 1752//5
f 1723//2 1749//2 1751//2 1725//2
f 1726//4 1752//4 1750//4 1724//4
f 1753//6 1754//6 1755//6 1756//6
f 1757//3 1758//3 1759//3 1760//3
f 1754//6 1761//6 1762//6 1755//6
f 1760//3 1759//3 1763//3 1764//3
f 1761//6 1765//6 1766//6 1762//6
f 1764//3 1763//3 1767//3 1768//3
f 1765//6 1769//6 1770//6 1766//6
f 1768//3 1767//3 1771//3 1772//3
f 1769//6 1773//6 1774//6 1770//6
f 1772//3 1771//3 1775//3 1776//3
f 1773//6 1777//6 1778//6 1774//6
f 1776//3 1775//3 1779//3 1780//3
f 1777//6 1781//6 1782//6 1778//6
f 1780//3 1779//3 1783//3 1784//3
f 1781//6 1785//6 1786//6 1782//6
f 1784//3 1783//3 1787//3 1788//3
f 1785//6 1789//6 1790//6 1786//6
f 1788//3 1787//3 1791//3 1792//3
f 1793//5 1794//5 1795//5 1796//5
f 1792//3 1791//3 1795//3 1794//3
f 1789//1 1797//1 1798//1 1790//1
f 1799//5 1793//5 1796//5 1800//5
f 1797//1 1801//1 1802//1 1798//1
f 1803//5 1799//5 1800//5 1804//5
f 1801//1 1805//1 1806//1 1802//1
f 1807//5 1803//5 1804//5 1808//5
f 1805//1 1809//1 1810//1 1806//1
f 1811//5 1807//5 1808//5 1812//5
f 1809//1 1813//1 1814//1 1810//1
f 1815//5 1811//5 1812//5 1816//5
f 1813//1 1817//1 1818//1 1814//1
f 1819//5 1815//5 1816//5 1820//5
f 1817//1 1821//1 1822//1 1818//1
f 1823//5 1819//5 1820//5 1824//5
f 1821//1 1825//1 1826//1 1822//1
f 1827//5 1823//5 1824//5 1828//5
f 1825//1 1829//1 1830//1 1826//1
f 1831//5 1827//5 1828//5 1832//5
f 1829//6 1831//6 1832//6 1830//6
f 1756//6 1755//6 1833//6 1834//6
f 1758//3 1835//3 1836//3 1759//3
f 1755//6 1762//6 1837//6 1833//6
f 1759//3 1836//3 1838//3 1763//3
f 1762//6 1766//6 1839//6 1837//6
f 1763//3 1838//3 1840//3 1767//3
f 1766//6 1770//6 1841//6 1839//6
f 1767//3 1840//3 1842//3 1771//3
f 1770//6 1774//6 1843//6 1841//6
f 1771//3 1842//3 1844//3 1775//3
f 1774//6 1778//6 1845//6 1843//6
f 1775//3 1844//3 1846//3 1779//3
f 1778//6 1782//6 1847//6 1845//6
f 1779//3 1846//3 1848//3 1783//3
f 1782//6 1786//6 1849//6 1847//6
f 1783//3 1848//3 1850//3 1787//3
f 1786//6 1790//6 1851//6 1849//6
f 1787//3 1850//3 1852//3 1791//3
f 1796//5 1795//5 1853//5 1854//5
f 1791//3 1852//3 1853//3 1795//3
f 1790//1 1798//1 1855//1 1851//1
f 1800//5 1796//5 1854//5 1856//5
f 1798//1 1802//1 1857//1 1855//1
f 1804//5 1800//5 1856//5 1858//5
f 1802//1 1806//1 1859//1 1857//1
f 1808//5 1804//5 1858//5 1860//5
f 1806//1 1810//1 1861//1 1859//1
f 1812//5 1808//5 1860//5 1862//5
f 1810//1 1814//1 1863//1 1861//1
f 1816//5 1812//5 1862//5 1864//5
f 1814//1 1818//1 1865//1 1863//1
f 1820//5 1816//5 1864//5 1866//5
f 1818//1 1822//1 1867//1 1865//1
f 1824//5 1820//5 1866//5 1868//5
f 1822//1 1826//1 1869//1 1867//1
f 1828//5 1824//5 1868//5 1870//5
f 1826//1 1830//1 1871//1 1869//1
f 1832//5 1828//5 1870//5 1872//5
f 1830//6 1832//6 1872//6 1871//6
f 1834//6 1833//6 1873//6 1874//6
f 1835//3 1875//3 1876//3 1836//3
f 1833//6 1837//6 1877//6 1873//6
f 1836//3 1876//3 1878//3 1838//3
f 1837//6 1839//6 1879//6 1877//6
f 1838//3 1878//3 1880//3 1840//3
f 1839//6 1841//6 1881//6 1879//6
f 1840//3 1880//3 1882//3 1842//3
f 1841//6 1843//6 1883//6 1881//6
f 1842//3 1882//3 1884//3 1844//3
f 1843//6 1845//6 1885//6 1883//6
f 1844//3 1884//3 1886//3 1846//3
f 1845//6 1847//6 1887//6 1885//6
f 1846//3 1886//3 1888//3 1848//3
f 1847//6 1849//6 1889//6 1887//6
f 1848//3 1888//3 1890//3 1850//3
f 1849//6 1851//6 1891//6 1889//6
f 1850//3 1890//3 1892//3 1852//3
f 1854//5 1853//5 1893//5 1894//5
f 1852//3 1892//3 1893//3 1853//3
f 1851//1 1855//1 1895//1 1891//1
f 1856//5 1854//5 1894//5 1896//5
f 1855//1 1857//1 1897//1 1895//1
f 1858//5 1856//5 1896//5 1898//5
f 1857//1 1859//1 1899//1 1897//1
f 1860//5 1858//5 1898//5 1900//5
f 1859//1 1861//1 1901//1 1899//1
f 1862//5 1860//5 1900//5 1902//5
f 1861//1 1863//1 1903//1 1901//1
f 1864//5 1862//5 1902//5 1904//5
f 1863//1 1865//1 1905//1 1903//1
f 1866//5 1864//5 1904//5 1906//5
f 1865//1 1867//1 1907//1 1905//1
f 1868//5 1866//5 1906//5 1908//5
f 1867//1 1869//1 1909//1 1907//1
f 1870//5 1868//5 1908//5 1910//5
f 1869//1 1871//1 1911//1 1909//1
f 1872//5 1870//5 1910//5 1912//5
f 1871//6 1872//6 1912//6 1911//6
f 1874//6 1873//6 1913//6 1914//6
f 1875//3 1915//3 1916//3 1876//3
f 1873//6 1877//6 1917//6 1913//6
f 1876//3 1916//3 1918//3 1878//3
f 1877//6 1879//6 1919//6 1917//6
f 1878//3 1918//3 1920//3 1880//3
f 1879//6 1881//6 1921//6 1919//6
f 1880//3 1920//3 1922//3 1882//3
f 1881//6 1883//6 1923//6 1921//6
f 1882//3 1922//3 1924//3 1884//3
f 1883//6 1885//6 1925//6 1923//6
f 1884//3 1924//3 1926//3 1886//3
f 1885//6 1887//6 1927//6 1925//6
f 1886//3 1926//3 1928//3 1888//3
f 1887//6 1889//6 1929//6 1927//6
f 1888//3 1928//3 1930//3 1890//3
f 1889//6 1891//6 1931//6 1929//6
f 1890//3 1930//3 1932//3 1892//3
f 1894//5 1893//5 1933//5 1934//5
f 1892//3 1932//3 1933//3 1893//3
f 1891//1 1895//1 1935//1 1931//1
f 1896//5 1894//5 1934//5 1936//5
f 1895//1 1897//1 1937//1 1935//1
f 1898//5 1896//5 1936//5 1938//5
f 1897//1 1899//1 1939//1 1937//1
f 1900//5 1898//5 1938//5 1940//5
f 1899//1 1901//1 1941//1 1939//1
f 1902//5 1900//5 1940//5 1942//5
f 1901//1 1903//1 1943//1 1941//1
f 1904//5 1902//5 1942//5 1944//5
f 1903//1 1905//1 1945//1 1943//1
f 1906//5 1904//5 1944//5 1946//5
f 1905//1 1907//1 1947//1 1945//1
f 1908//5 1906//5 1946//5 1948//5
f 1907//1 1909//1 1949//1 1947//1
f 1910//5 1908//5 1948//5 1950//5
f 1909//1 1911//1 1951//1 1949//1
f 1912//5 1910//5 1950//5 1952//5
f 1911//6 1912//6 1952//6 1951//6
f 1914//6 1913//6 1953//6 1954//6
f 1915//3 1955//3 1956//3 1916//3
f 1913//6 1917//6 1957//6 1953//6
f 1916//3 1956//3 1958//3 1918//3
f 1917//6 1919//6 1959//6 1957//6
f 1918//3 1958//3 1960//3 1920//3
f 1919//6 1921//6 1961//6 1959//6
f 1920//3 1960//3 1962//3 1922//3
f 1921//6 1923//6 1963//6 1961//6
f 1922//3 1962//3 1964//3 1924//3
f 1923//6 1925//6 1965//6 1963//6
f 1924//3 1964//3 1966//3 1926//3
f 1925//6 1927//6 1967//6 1965//6
f 1926//3 1966//3 1968//3 1928//3
f 1927//6 1929//6 1969//6 1967//6
f 1928//3 1968//3 1970//3 1930//3
f 1929//6 1931//6 1971//6 1969//6
f 1930//3 1970//3 1972//3 1932//3
f 1934//5 1933//5 1973//5 1974//5
f 1932//3 1972//3 1973//3 1933//3
f 1931//1 1935//1 1975//1 1971//1
f 1936//5 1934//5 1974//5 1976//5
f 1935//1 1937//1 1977//1 1975//1
f 1938//5 1936//5 1976//5 1978//5
f 1937//1 1939//1 1979//1 1977//1
f 1940//5 1938//5 1978//5 1980//5
f 1939//1 1941//1 1981//1 1979//1
f 1942//5 1940//5 1980//5 1982//5
f 1941//1 1943//1 1983//1 1981//1
f 1944//5 1942//5 1982//5 1984//5
f 1943//1 1945//1 1985//1 1983//1
f 1946//5 1944//5 1984//5 1986//5
f 1945//1 1947//1 1987//1 1985//1
f 1948//5 1946//5 1986//5 1988//5
f 1947//1 1949//1 1989//1 1987//1
f 1950//5 1948//5 1988//5 1990//5
f 1949//1 1951//1 1991//1 1989//1
f 1952//5 1950//5 1990//5 1992//5
f 1951//6 1952//6 1992//6 1991//6
f 1954//6 1953//6 1993//6 1994//6
f 1955//3 1995//3 1996//3 1956//3
f 1953//6 1957//6 1997//6 1993//6
f 1956//3 1996//3 1998//3 1958//3
f 1957//6 1959//6 1999//6 1997//6
f 1958//3 1998//3 2000//3 1960//3
f 1959//6 1961//6 2001//6 1999//6
f 1960//3 2000//3 2002//3 1962//3
f 1961//6 1963//6 2003//6 2001//6
f 1962//3 2002//3 2004//3 1964//3
f 1963//6 1965//6 2005//6 2003//6
f 1964//3 2004//3 2006//3 1966//3
f 1965//6 1967//6 2007//6 2005//6
f 1966//3 2006//3 2008//3 1968//3
f 1967//6 1969//6 2009//6 2007//6
f 1968//3 2008//3 2010//3 1970//3
f 1969//6 1971//6 2011//6 2009//6
f 1970//3 2010//3 2012//3 1972//3
f 1974//5 1973//5 2013//5 2014//5
f 1972//3 2012//3 2013//3 1973//3
f 1971//1 1975//1 2015//1 2011//1
f 1976//5 1974//5 2014//5 2016//5
f 1975//1 1977//1 2017//1 2015//1
f 1978//5 1976//5 2016//5 2018//5
f 1977//1 1979//1 2019//1 2017//1
f 1980//5 1978//5 2018//5 2020//5
f 1979//1 1981//1 2021//1 2019//1
f 1982//5 1980//5 2020//5 2022//5
f 1981//1 1983//1 2023//1 2021//1
f 1984//5 1982//5 2022//5 2024//5
f 1983//1 1985//1 2025//1 2023//1
f 1986//5 1984//5 2024//5 2026//5
f 1985//1 1987//1 2027//1 2025//1
f 1988//5 1986//5 2026//5 2028//5
f 1987//1 1989//1 2029//1 2027//1
f 1990//5 1988//5 2028//5 2030//5
f 1989//1 1991//1 2031//1 2029//1
f 1992//5 1990//5 2030//5 2032//5
f 1991//6 1992//6 2032//6 2031//6
f 1994//6 1993//6 2033//6 2034//6
f 1995//3 2035//3 2036//3 1996//3
f 1993//6 1997//6 2037//6 2033//6
f 1996//3 2036//3 2038//3 1998//3
f 1997//6 1999//6 2039//6 2037//6
f 1998//3 2038//3 2040//3 2000//3
f 1999//6 2001//6 2041//6 2039//6
f 2000//3 2040//3 2042//3 2002//3
f 2001//6 2003//6 2043//6 2041//6
f 2002//3 2042//3 2044//3 2004//3
f 2003//6 2005//6 2045//6 2043//6
f 2004//3 2044//3 2046//3 2006//3
f 2005//6 2007//6 2047//6 2045//6
f 2006//3 2046//3 2048//3 2008//3
f 2007//6 2009//6 2049//6 2047//6
f 2008//3 2048//3 2050//3 2010//3
f 2009//6 2011//6 2051//6 2049//6
f 2010//3 2050//3 2052//3 2012//3
f 2014//5 2013//5 2053//5 2054//5
f 2012//3 2052//3 2053//3 2013//3
f 2011//1 2015//1 2055//1 2051//1
f 2016//5 2014//5 2054//5 2056//5
f 2015//1 2017//1 2057//1 2055//1
f 2018//5 2016//5 2056//5 2058//5
f 2017//1 2019//1 2059//1 2057//1
f 2020//5 2018//5 2058//5 2060//5
f 2019//1 2021//1 2061//1 2059//1
f 2022//5 2020//5 2060//5 2062//5
f 2021//1 2023//1 2063//1 2061//1
f 2024//5 2022//5 2062//5 2064//5
f 2023//1 2025//1 2065//1 2063//1
f 2026//5 2024//5 2064//5 2066//5
f 2025//1 2027//1 2067//1 2065//1
f 2028//5 2026//5 2066//5 2068//5
f 2027//1 2029//1 2069//1 2067//1
f 2030//5 2028//5 2068//5 2070//5
f 2029//1 2031//1 2071//1 2069//1
f 2032//5 2030//5 2070//5 2072//5
f 2031//6 2032//6 2072//6 2071//6
f 2034//6 2033//6 2073//6 2074//6
f 2035//3 2075//3 2076//3 2036//3
f 2033//6 2037//6 2077//6 2073//6
f 2036//3 2076//3 2078//3 2038//3
f 2037//6 2039//6 2079//6 2077//6
f 2038//3 2078//3 2080//3 2040//3
f 2039//6 2041//6 2081//6 2079//6
f 2040//3 2080//3 2082//3 2042//3
f 2041//6 2043//6 2083//6 2081//6
f 2042//3 2082//3 2084//3 2044//3
f 2043//6 2045//6 2085//6 2083//6
f 2044//3 2084//3 2086//3 2046//3
f 2045//6 2047//6 2087//6 2085//6
f 2046//3 2086//3 2088//3 2048//3
f 2047//6 2049//6 2089//6 2087//6
f 2048//3 2088//3 2090//3 2050//3
f 2049//6 2051//6 2091//6 2089//6
f 2050//3 2090//3 2092//3 2052//3
f 2054//5 2053//5 2093//5 2094//5
f 2052//3 2092//3 2093//3 2053//3
f 2051//1 2055//1 2095//1 2091//1
f 2056//5 2054//5 2094//5 2096//5
f 2055//1 2057//1 2097//1 2095//1
f 2058//5 2056//5 2096//5 2098//5
f 2057//1 2059//1 2099//1 2097//1
f 2060//5 2058//5 2098//5 2100//5
f 2059//1 2061//1 2101//1 2099//1
f 2062//5 2060//5 2100//5 2102//5
f 2061//1 2063//1 2103//1 2101//1
f 2064//5 2062//5 2102//5 2104//5
f 2063//1 2065//1 2105//1 2103//1
f 2066//5 2064//5 2104//5 2106//5
f 2065//1 2067//1 2107//1 2105//1
f 2068//5 2066//5 2106//5 2108//5
f 2067//1 2069//1 2109//1 2107//1
f 2070//5 2068//5 2108//5 2110//5
f 2069//1 2071//1 2111//1 2109//1
f 2072//5 2070//5 2110//5 2112//5
f 2071//1 2113//1 2114//1 2111//1
f 2115//5 2072//5 2112//5 2116//5
f 2071//2 2072//2 2115//2 2113//2
f 2113//1 2117//1 2118//1 2114//1
f 2119//5 2115//5 2116//5 2120//5
f 2113//2 2115//2 2119//2 2117//2
f 2074//6 2073//6 2121//6 2122//6
f 2075//3 2123//3 2124//3 2076//3
f 2073//6 2077//6 2125//6 2121//6
f 2076//3 2124//3 2126//3 2078//3
f 2077//6 2079//6 2127//6 2125//6
f 2078//3 2126//3 2128//3 2080//3
f 2079//6 2081//6 2129//6 2127//6
f 2080//3 2128//3 2130//3 2082//3
f 2081//6 2083//6 2131//6 2129//6
f 2082//3 2130//3 2132//3 2084//3
f 2083//6 2085//6 2133//6 2131//6
f 2084//3 2132//3 2134//3 2086//3
f 2085//6 2087//6 2135//6 2133//6
f 2086//3 2134//3 2136//3 2088//3
f 2087//6 2089//6 2137//6 2135//6
f 2088//3 2136//3 2138//3 2090//3
f 2089//6 2091//6 2139//6 2137//6
f 2090//3 2138//3 2140//3 2092//3
f 2094//5 2093//5 2141//5 2142//5
f 2092//3 2140//3 2141//3 2093//3
f 2091//1 2095//1 2143//1 2139//1
f 2096//5 2094//5 2142//5 2144//5
f 2095//1 2097//1 2145//1 2143//1
f 2098//5 2096//5 2144//5 2146//5
f 2097//1 2099//1 2147//1 2145//1
f 2100//5 2098//5 2146//5 2148//5
f 2099//1 2101//1 2149//1 2147//1
f 2102//5 2100//5 2148//5 2150//5
f 2101//1 2103//1 2151//1 2149//1
f 2104//5 2102//5 2150//5 2152//5
f 2103//1 2105//1 2153//1 2151//1
f 2106//5 2104//5 2152//5 2154//5
f 2105//1 2107//1 2155//1 2153//1
f 2108//5 2106//5 2154//5 2156//5
f 2107//1 2109//1 2157//1 2155//1
f 2110//5 2108//5 2156//5 2158//5
f 2109//1 2111//1 2159//1 2157//1
f 2112//5 2110//5 2158//5 2160//5
f 2111//1 2114//1 2161//1 2159//1
f 2116//5 2112//5 2160//5 2162//5
f 2114//1 2118//1 2163//1 2161//1
f 2120//5 2116//5 2162//5 2164//5
f 2122//6 2121//6 2165//6 2166//6
f 2123//3 2167//3 2168//3 2124//3
f 2121//6 2125//6 2169//6 2165//6
f 2124//3 2168//3 2170//3 2126//3
f 2125//6 2127//6 2171//6 2169//6
f 2126//3 2170//3 2172//3 2128//3
f 2127//6 2129//6 2173//6 2171//6
f 2128//3 2172//3 2174//3 2130//3
f 2129//6 2131//6 2175//6 2173//6
f 2130//3 2174//3 2176//3 2132//3
f 2131//6 2133//6 2177//6 2175//6
f 2132//3 2176//3 2178//3 2134//3
f 2133//6 2135//6 2179//6 2177//6
f 2134//3 2178//3 2180//3 2136//3
f 2135//6 2137//6 2181//6 2179//6
f 2136//3 2180//3 2182//3 2138//3
f 2137//6 2139//6 2183//6 2181//6
f 2138//3 2182//3 2184//3 2140//3
f 2142//5 2141//5 2185//5 2186//5
f 2140//3 2184//3 2185//3 2141//3
f 2139//1 2143//1 2187//1 2183//1
f 2144//5 2142//5 2186//5 2188//5
f 2143//1 2145//1 2189//1 2187//1
f 2146//5 2144//5 2188//5 2190//5
f 2145//1 2147//1 2191//1 2189//1
f 2148//5 2146//5 2190//5 2192//5
f 2147//1 2149//1 2193//1 2191//1
f 2150//5 2148//5 2192//5 2194//5
f 2149//1 2151//1 2195//1 2193//1
f 2152//5 2150//5 2194//5 2196//5
f 2151//1 2153//1 2197//1 2195//1
f 2154//5 2152//5 2196//5 2198//5
f 2153//1 2155//1 2199//1 2197//1
f 2156//5 2154//5 2198//5 2200//5
f 2155//1 2157//1 2201//1 2199//1
f 2158//5 2156//5 2200//5 2202//5
f 2157//1 2159//1 2203//1 2201//1
f 2160//5 2158//5 2202//5 2204//5
f 2159//1 2161//1 2205//1 2203//1
f 2162//5 2160//5 2204//5 2206//5
f 2161//1 2163//1 2207//1 2205//1
f 2164//5 2162//5 2206//5 2208//5
f 2209//4 2210//4 2211//4 2212//4
f 2213//3 2212//3 2211//3 2214//3
f 2215//2 2216//2 2217//2 2218//2
f 2219//4 2220//4 2210//4 2209//4
f 2218//2 2217//2 2221//2 2222//2
f 2223//4 2224//4 2220//4 2219//4
f 2222//2 2221//2 2225//2 2226//2
f 2227//4 2228//4 2224//4 2223//4
f 2226//2 2225//2 2229//2 2230//2
f 2231//4 2232//4 2228//4 2227//4
f 2230//2 2229//2 2233//2 2234//2
f 2235//4 2236//4 2232//4 2231//4
f 2234//2 2233//2 2237//2 2238//2
f 2239//4 2240//4 2236//4 2235//4
f 2238//2 2237//2 2241//2 2242//2
f 2243//4 2244//4 2240//4 2239//4
f 2242//2 2241//2 2245//2 2246//2
f 2247//4 2248//4 2244//4 2243//4
f 2246//2 2245//2 2249//2 2250//2
f 2251//4 2252//4 2248//4 2247//4
f 2250//2 2249//2 2253//2 2254//2
f 2255//4 2256//4 2252//4 2251//4
f 2254//2 2253//2 2257//2 2258//2
f 2259//4 2260//4 2256//4 2255//4
f 2210//4 2261//4 2262//4 2211//4
f 2214//3 2211//3 2262//3 2263//3
f 2216//2 2264//2 2265//2 2217//2
f 2220//4 2266//4 2261//4 2210//4
f 2217//2 2265//2 2267//2 2221//2
f 2224//4 2268//4 2266//4 2220//4
f 2221//2 2267//2 2269//2 2225//2
f 2228//4 2270//4 2268//4 2224//4
f 2225//2 2269//2 2271//2 2229//2
f 2232//4 2272//4 2270//4 2228//4
f 2229//2 2271//2 2273//2 2233//2
f 2236//4 2274//4 2272//4 2232//4
f 2233//2 2273//2 2275//2 2237//2
f 2240//4 2276//4 2274//4 2236//4
f 2237//2 2275//2 2277//2 2241//2
f 2244//4 2278//4 2276//4 2240//4
f 2241//2 2277//2 2279//2 2245//2
f 2248//4 2280//4 2278//4 2244//4
f 2245//2 2279//2 2281//2 2249//2
f 2252//4 2282//4 2280//4 2248//4
f 2249//2 2281//2 2283//2 2253//2
f 2256//4 2284//4 2282//4 2252//4
f 2253//2 2283//2 2285//2 2257//2
f 2260//4 2286//4 2284//4 2256//4
f 2261//4 2287//4 2288//4 2262//4
f 2263//3 2262//3 2288//3 2289//3
f 2264//2 2290//2 2291//2 2265//2
f 2266//4 2292//4 2287//4 2261//4
f 2265//2 2291//2 2293//2 2267//2
f 2268//4 2294//4 2292//4 2266//4
f 2267//2 2293//2 2295//2 2269//2
f 2270//4 2296//4 2294//4 2268//4
f 2269//2 2295//2 2297//2 2271//2
f 2272//4 2298//4 2296//4 2270//4
f 2271//2 2297//2 2299//2 2273//2
f 2274//4 2300//4 2298//4 2272//4
f 2273//2 2299//2 2301//2 2275//2
f 2276//4 2302//4 2300//4 2274//4
f 2275//2 2301//2 2303//2 2277//2
f 2278//4 2304//4 2302//4 2276//4
f 2277//2 2303//2 2305//2 2279//2
f 2280//4 2306//4 2304//4 2278//4
f 2279//2 2305//2 2307//2 2281//2
f 2282//4 2308//4 2306//4 2280//4
f 2281//2 2307//2 2309//2 2283//2
f 2284//4 2310//4 2308//4 2282//4
f 2283//2 2309//2 2311//2 2285//2
f 2286//4 2312//4 2310//4 2284//4
f 2287//4 2313//4 2314//4 2288//4
f 2289//3 2288//3 2314//3 2315//3
f 2290//2 2316//2 2317//2 2291//2
f 2292//4 2318//4 2313//4 2287//4
f 2291//2 2317//2 2319//2 2293//2
f 2294//4 2320//4 2318//4 2292//4
f 2293//2 2319//2 2321//2 2295//2
f 2296//4 2322//4 2320//4 2294//4
f 2295//2 2321//2 2323//2 2297//2
f 2298//4 2324//4 2322//4 2296//4
f 2297//2 2323//2 2325//2 2299//2
f 2300//4 2326//4 2324//4 2298//4
f 2299//2 2325//2 2327//2 2301//2
f 2302//4 2328//4 2326//4 2300//4
f 2301//2 2327//2 2329//2 2303//2
f 2304//4 2330//4 2328//4 2302//4
f 2303//2 2329//2 2331//2 2305//2
f 2306//4 2332//4 2330//4 2304//4
f 2305//2 2331//2 2333//2 2307//2
f 2308//4 2334//4 2332//4 2306//4
f 2307//2 2333//2 2335//2 2309//2
f 2310//4 2336//4 2334//4 2308//4
f 2309//2 2335//2 2337//2 2311//2
f 2312//4 2338//4 2336//4 2310//4
f 2313//4 2339//4 2340//4 2314//4
f 2315//3 2314//3 2340//3 2341//3
f 2316//2 2342//2 2343//2 2317//2
f 2318//4 2344//4 2339//4 2313//4
f 2317//2 2343//2 2345//2 2319//2
f 2320//4 2346//4 2344//4 2318//4
f 2319//2 2345//2 2347//2 2321//2
f 2322//4 2348//4 2346//4 2320//4
f 2321//2 2347//2 2349//2 2323//2
f 2324//4 2350//4 2348//4 2322//4
f 2323//2 2349//2 2351//2 2325//2
f 2326//4 2352//4 2350//4 2324//4
f 2325//2 2351//2 2353//2 2327//2
f 2328//4 2354//4 2352//4 2326//4
f 2327//2 2353//2 2355//2 2329//2
f 2330//4 2356//4 2354//4 2328//4
f 2329//2 2355//2 2357//2 2331//2
f 2332//4 2358//4 2356//4 2330//4
f 2331//2 2357//2 2359//2 2333//2
f 2334//4 2360//4 2358//4 2332//4
f 2333//2 2359//2 2361//2 2335//2
f 2336//4 2362//4 2360//4 2334//4
f 2335//2 2361//2 2363//2 2337//2
f 2338//4 2364//4 2362//4 2336//4
f 2339//4 2365//4 2366//4 2340//4
f 2341//3 2340//3 2366//3 2367//3
f 2342//2 2368//2 2369//2 2343//2
f 2344//4 2370//4 2365//4 2339//4
f 2343//2 2369//2 2371//2 2345//2
f 2346//4 2372//4 2370//4 2344//4
f 2345//2 2371//2 2373//2 2347//2
f 2348//4 2374//4 2372//4 2346//4
f 2347//2 2373//2 2375//2 2349//2
f 2350//4 2376//4 2374//4 2348//4
f 2349//2 2375//2 2377//2 2351//2
f 2352//4 2378//4 2376//4 2350//4
f 2351//2 2377//2 2379//2 2353//2
f 2354//4 2380//4 2378//4 2352//4
f 2353//2 2379//2 2381//2 2355//2
f 2356//4 2382//4 2380//4 2354//4
f 2355//2 2381//2 2383//2 2357//2
f 2358//4 2384//4 2382//4 2356//4
f 2357//2 2383//2 2385//2 2359//2
f 2360//4 2386//4 2384//4 2358//4
f 2359//2 2385//2 2387//2 2361//2
f 2362//4 2388//4 2386//4 2360//4
f 2361//2 2387//2 2389//2 2363//2
f 2364//4 2390//4 2388//4 2362//4
f 2365//4 2391//4 2392//4 2366//4
f 2367//3 2366//3 2392//3 2393//3
f 2368//2 2394//2 2395//2 2369//2
f 2370//4 2396//4 2391//4 2365//4
f 2369//2 2395//2 2397//2 2371//2
f 2372//4 2398//4 2396//4 2370//4
f 2371//2 2397//2 2399//2 2373//2
f 2374//4 2400//4 2398//4 2372//4
f 2373//2 2399//2 2401//2 2375//2
f 2376//4 2402//4 2400//4 2374//4
f 2375//2 2401//2 2403//2 2377//2
f 2378//4 2404//4 2402//4 2376//4
f 2377//2 2403//2 2405//2 2379//2
f 2380//4 2406//4 2404//4 2378//4
f 2379//2 2405//2 2407//2 2381//2
f 2382//4 2408//4 2406//4 2380//4
f 2381//2 2407//2 2409//2 2383//2
f 2384//4 2410//4 2408//4 2382//4
f 2383//2 2409//2 2411//2 2385//2
f 2386//4 2412//4 2410//4 2384//4
f 2385//2 2411//2 2413//2 2387//2
f 2388//4 2414//4 2412//4 2386//4
f 2387//2 2413//2 2415//2 2389//2
f 2390//4 2416//4 2414//4 2388//4
f 2391//4 2417//4 2418//4 2392//4
f 2393//3 2392//3 2418//3 2419//3
f 2394//2 2420//2 2421//2 2395//2
f 2396//4 2422//4 2417//4 2391//4
f 2395//2 2421//2 2423//2 2397//2
f 2398//4 2424//4 2422//4 2396//4
f 2397//2 2423//2 2425//2 2399//2
f 2400//4 2426//4 2424//4 2398//4
f 2399//2 2425//2 2427//2 2401//2
f 2402//4 2428//4 2426//4 2400//4
f 2401//2 2427//2 2429//2 2403//2
f 2404//4 2430//4 2428//4 2402//4
f 2403//2 2429//2 2431//2 2405//2
f 2406//4 2432//4 2430//4 2404//4
f 2405//2 2431//2 2433//2 2407//2
f 2408//4 2434//4 2432//4 2406//4
f 2407//2 2433//2 2435//2 2409//2
f 2410//4 2436//4 2434//4 2408//4
f 2409//2 2435//2 2437//2 2411//2
f 2412//4 2438//4 2436//4 2410//4
f 2411//2 2437//2 2439//2 2413//2
f 2414//4 2440//4 2438//4 2412//4
f 2413//2 2439//2 2441//2 2415//2
f 2416//4 2442//4 2440//4 2414//4
f 2417//4 2443//4 2444//4 2418//4
f 2419//3 2418//3 2444//3 2445//3
f 2420//2 2446//2 2447//2 2421//2
f 2422//4 2448//4 2443//4 2417//4
f 2421//2 2447//2 2449//2 2423//2
f 2424//4 2450//4 2448//4 2422//4
f 2423//2 2449//2 2451//2 2425//2
f 2426//4 2452//4 2450//4 2424//4
f 2425//2 2451//2 2453//2 2427//2
f 2428//4 2454//4 2452//4 2426//4
f 2427//2 2453//2 2455//2 2429//2
f 2430//4 2456//4 2454//4 2428//4
f 2429//2 2455//2 2457//2 2431//2
f 2432//4 2458//4 2456//4 2430//4
f 2431//2 2457//2 2459//2 2433//2
f 2434//4 2460//4 2458//4 2432//4
f 2433//2 2459//2 2461//2 2435//2
f 2436//4 2462//4 2460//4 2434//4
f 2435//2 2461//2 2463//2 2437//2
f 2438//4 2464//4 2462//4 2436//4
f 2437//2 2463//2 2465//2 2439//2
f 2440//4 2466//4 2464//4 2438//4
f 2439//2 2465//2 2467//2 2441//2
f 2442//4 2468//4 2466//4 2440//4
f 2469//5 2470//5 2471//5 2472//5
f 2443//4 2472//4 2471//4 2444//4
f 2445//3 2444//3 2471//3 2470//3
f 2473//5 2469//5 2472//5 2474//5
f 2448//4 2474//4 2472//4 2443//4
f 2475//5 2473//5 2474//5 2476//5
f 2450//4 2476//4 2474//4 2448//4
f 2477//5 2475//5 2476//5 2478//5
f 2452//4 2478//4 2476//4 2450//4
f 2479//5 2477//5 2478//5 2480//5
f 2454//4 2480//4 2478//4 2452//4
f 2481//5 2479//5 2480//5 2482//5
f 2456//4 2482//4 2480//4 2454//4
f 2483//5 2481//5 2482//5 2484//5
f 2458//4 2484//4 2482//4 2456//4
f 2485//5 2483//5 2484//5 2486//5
f 2460//4 2486//4 2484//4 2458//4
f 2487//5 2485//5 2486//5 2488//5
f 2462//4 2488//4 2486//4 2460//4
f 2489//5 2487//5 2488//5 2490//5
f 2464//4 2490//4 2488//4 2462//4
f 2491//5 2489//5 2490//5 2492//5
f 2466//4 2492//4 2490//4 2464//4
f 2493//5 2491//5 2492//5 2494//5
f 2468//4 2494//4 2492//4 2466//4
f 1516//2 1515//2 2495//2 2496//2
f 2497//4 2498//4 1518//4 1517//4
f 2496//2 2495//2 2499//2 2500//2
f 2501//4 2502//4 2498//4 2497//4
f 2500//2 2499//2 2503//2 2504//2
f 2505//4 2506//4 2502//4 2501//4
f 2504//2 2503//2 2507//2 2508//2
f 2509//4 2510//4 2506//4 2505//4
f 2508//2 2507//2 2511//2 2512//2
f 2513//4 2514//4 2510//4 2509//4
f 2512//2 2511//2 2515//2 2516//2
f 2517//4 2518//4 2514//4 2513//4
f 2516//2 2515//2 2519//2 2520//2
f 2521//4 2522//4 2518//4 2517//4
f 2520//2 2519//2 2523//2 2524//2
f 2525//4 2526//4 2522//4 2521//4
f 2524//2 2523//2 2527//2 2528//2
f 2529//4 2530//4 2526//4 2525//4
f 2528//2 2527//2 2531//2 2532//2
f 2533//4 2534//4 2530//4 2529//4
f 2532//2 2531//2 2535//2 2536//2
f 2537//4 2538//4 2534//4 2533//4
f 2536//2 2535//2 2539//2 2540//2
f 2540//6 2539//6 2541//6 2542//6
f 2543//2 1543//2 2544//2 2495//2
f 2498//4 2545//4 1544//4 2546//4
f 2495//2 2544//2 2547//2 2499//2
f 2502//4 2548//4 2545//4 2498//4
f 2499//2 2547//2 2549//2 2503//2
f 2506//4 2550//4 2548//4 2502//4
f 2503//2 2549//2 2551//2 2507//2
f 2510//4 2552//4 2550//4 2506//4
f 2507//2 2551//2 2553//2 2511//2
f 2514//4 2554//4 2552//4 2510//4
f 2511//2 2553//2 2555//2 2515//2
f 2518//4 2556//4 2554//4 2514//4
f 2515//2 2555//2 2557//2 2519//2
f 2522//4 2558//4 2556//4 2518//4
f 2519//2 2557//2 2559//2 2523//2
f 2526//4 2560//4 2558//4 2522//4
f 2523//2 2559//2 2561//2 2527//2
f 2530//4 2562//4 2560//4 2526//4
f 2527//2 2561//2 2563//2 2531//2
f 2534//4 2564//4 2562//4 2530//4
f 2531//2 2563//2 2565//2 2535//2
f 2538//4 2566//4 2564//4 2534//4
f 2535//2 2565//2 2567//2 2539//2
f 2539//6 2567//6 2568//6 2541//6
f 2569//2 1569//2 2570//2 2544//2
f 2545//4 2571//4 1570//4 2572//4
f 2544//2 2570//2 2573//2 2547//2
f 2548//4 2574//4 2571//4 2545//4
f 2547//2 2573//2 2575//2 2549//2
f 2550//4 2576//4 2574//4 2548//4
f 2549//2 2575//2 2577//2 2551//2
f 2552//4 2578//4 2576//4 2550//4
f 2551//2 2577//2 2579//2 2553//2
f 2554//4 2580//4 2578//4 2552//4
f 2553//2 2579//2 2581//2 2555//2
f 2556//4 2582//4 2580//4 2554//4
f 2555//2 2581//2 2583//2 2557//2
f 2558//4 2584//4 2582//4 2556//4
f 2557//2 2583//2 2585//2 2559//2
f 2560//4 2586//4 2584//4 2558//4
f 2559//2 2585//2 2587//2 2561//2
f 2562//4 2588//4 2586//4 2560//4
f 2561//2 2587//2 2589//2 2563//2
f 2564//4 2590//4 2588//4 2562//4
f 2563//2 2589//2 2591//2 2565//2
f 2566//4 2592//4 2590//4 2564//4
f 2565//2 2591//2 2593//2 2567//2
f 2567//6 2593//6 2594//6 2568//6
f 2595//2 1595//2 2596//2 2570//2
f 2571//4 2597//4 1596//4 2598//4
f 2570//2 2596//2 2599//2 2573//2
f 2574//4 2600//4 2597//4 2571//4
f 2573//2 2599//2 2601//2 2575//2
f 2576//4 2602//4 2600//4 2574//4
f 2575//2 2601//2 2603//2 2577//2
f 2578//4 2604//4 2602//4 2576//4
f 2577//2 2603//2 2605//2 2579//2
f 2580//4 2606//4 2604//4 2578//4
f 2579//2 2605//2 2607//2 2581//2
f 2582//4 2608//4 2606//4 2580//4
f 2581//2 2607//2 2609//2 2583//2
f 2584//4 2610//4 2608//4 2582//4
f 2583//2 2609//2 2611//2 2585//2
f 2586//4 2612//4 2610//4 2584//4
f 2585//2 2611//2 2613//2 2587//2
f 2588//4 2614//4 2612//4 2586//4
f 2587//2 2613//2 2615//2 2589//2
f 2590//4 2616//4 2614//4 2588//4
f 2589//2 2615//2 2617//2 2591//2
f 2592//4 2618//4 2616//4 2590//4
f 2591//2 2617//2 2619//2 2593//2
f 2593//6 2619//6 2620//6 2594//6
f 2621//2 1621//2 2622//2 2596//2
f 2597//4 2623//4 1622//4 2624//4
f 2596//2 2622//2 2625//2 2599//2
f 2600//4 2626//4 2623//4 2597//4
f 2599//2 2625//2 2627//2 2601//2
f 2602//4 2628//4 2626//4 2600//4
f 2601//2 2627//2 2629//2 2603//2
f 2604//4 2630//4 2628//4 2602//4
f 2603//2 2629//2 2631//2 2605//2
f 2606//4 2632//4 2630//4 2604//4
f 2605//2 2631//2 2633//2 2607//2
f 2608//4 2634//4 2632//4 2606//4
f 2607//2 2633//2 2635//2 2609//2
f 2610//4 2636//4 2634//4 2608//4
f 2609//2 2635//2 2637//2 2611//2
f 2612//4 2638//4 2636//4 2610//4
f 2611//2 2637//2 2639//2 2613//2
f 2614//4 2640//4 2638//4 2612//4
f 2613//2 2639//2 2641//2 2615//2
f 2616//4 2642//4 2640//4 2614//4
f 2615//2 2641//2 2643//2 2617//2
f 2618//4 2644//4 2642//4 2616//4
f 2617//2 2643//2 2645//2 2619//2
f 2619//6 2645//6 2646//6 2620//6
f 2647//2 1647//2 2648//2 2622//2
f 2623//4 2649//4 1648//4 2650//4
f 2622//2 2648//2 2651//2 2625//2
f 2626//4 2652//4 2649//4 2623//4
f 2625//2 2651//2 2653//2 2627//2
f 2628//4 2654//4 2652//4 2626//4
f 2627//2 2653//2 2655//2 2629//2
f 2630//4 2656//4 2654//4 2628//4
f 2629//2 2655//2 2657//2 2631//2
f 2632//4 2658//4 2656//4 2630//4
f 2631//2 2657//2 2659//2 2633//2
f 2634//4 2660//4 2658//4 2632//4
f 2633//2 2659//2 2661//2 2635//2
f 2636//4 2662//4 2660//4 2634//4
f 2635//2 2661//2 2663//2 2637//2
f 2638//4 2664//4 2662//4 2636//4
f 2637//2 2663//2 2665//2 2639//2
f 2640//4 2666//4 2664//4 2638//4
f 2639//2 2665//2 2667//2 2641//2
f 2642//4 2668//4 2666//4 2640//4
f 2641//2 2667//2 2669//2 2643//2
f 2644//4 2670//4 2668//4 2642//4
f 2643//2 2669//2 2671//2 2645//2
f 2645//6 2671//6 2672//6 2646//6
f 2673//2 1673//2 2674//2 2648//2
f 2649//4 2675//4 1674//4 2676//4
f 2648//2 2674//2 2677//2 2651//2
f 2652//4 2678//4 2675//4 2649//4
f 2651//2 2677//2 2679//2 2653//2
f 2654//4 2680//4 2678//4 2652//4
f 2653//2 2679//2 2681//2 2655//2
f 2656//4 2682//4 2680//4 2654//4
f 2655//2 2681//2 2683//2 2657//2
f 2658//4 2684//4 2682//4 2656//4
f 2657//2 2683//2 2685//2 2659//2
f 2660//4 2686//4 2684//4 2658//4
f 2659//2 2685//2 2687//2 2661//2
f 2662//4 2688//4 2686//4 2660//4
f 2661//2 2687//2 2689//2 2663//2
f 2664//4 2690//4 2688//4 2662//4
f 2663//2 2689//2 2691//2 2665//2
f 2666//4 2692//4 2690//4 2664//4
f 2665//2 2691//2 2693//2 2667//2
f 2668//4 2694//4 2692//4 2666//4
f 2667//2 2693//2 2695//2 2669//2
f 2670//4 2696//4 2694//4 2668//4
f 2669//2 2695//2 2697//2 2671//2
f 2671//6 2697//6 2698//6 2672//6
f 2699//2 1699//2 2700//2 2674//2
f 2675//4 2701//4 1700//4 2702//4
f 2674//2 2700//2 2703//2 2677//2
f 2678//4 2704//4 2701//4 2675//4
f 2677//2 2703//2 2705//2 2679//2
f 2680//4 2706//4 2704//4 2678//4
f 2679//2 2705//2 2707//2 2681//2
f 2682//4 2708//4 2706//4 2680//4
f 2681//2 2707//2 2709//2 2683//2
f 2684//4 2710//4 2708//4 2682//4
f 2683//2 2709//2 2711//2 2685//2
f 2686//4 2712//4 2710//4 2684//4
f 2685//2 2711//2 2713//2 2687//2
f 2688//4 2714//4 2712//4 2686//4
f 2687//2 2713//2 2715//2 2689//2
f 2690//4 2716//4 2714//4 2688//4
f 2689//2 2715//2 2717//2 2691//2
f 2692//4 2718//4 2716//4 2690//4
f 2691//2 2717//2 2719//2 2693//2
f 2694//4 2720//4 2718//4 2692//4
f 2693//2 2719//2 2721//2 2695//2
f 2696//4 2722//4 2720//4 2694//4
f 2695//2 2721//2 2723//2 2697//2
f 2697//6 2723//6 2724//6 2698//6
f 2725//2 1725//2 2726//2 2700//2
f 2701//4 2727//4 1726//4 2728//4
f 2700//2 2726//2 2729//2 2703//2
f 2704//4 2730//4 2727//4 2701//4
f 2703//2 2729//2 2731//2 2705//2
f 2706//4 2732//4 2730//4 2704//4
f 2705//2 2731//2 2733//2 2707//2
f 2708//4 2734//4 2732//4 2706//4
f 2707//2 2733//2 2735//2 2709//2
f 2710//4 2736//4 2734//4 2708//4
f 2709//2 2735//2 2737//2 2711//2
f 2712//4 2738//4 2736//4 2710//4
f 2711//2 2737//2 2739//2 2713//2
f 2714//4 2740//4 2738//4 2712//4
f 2713//2 2739//2 2741//2 2715//2
f 2716//4 2742//4 2740//4 2714//4
f 2715//2 2741//2 2743//2 2717//2
f 2718//4 2744//4 2742//4 2716//4
f 2717//2 2743//2 2745//2 2719//2
f 2720//4 2746//4 2744//4 2718//4
f 2719//2 2745//2 2747//2 2721//2
f 2722//4 2748//4 2746//4 2720//4
f 2721//2 2747//2 2749//2 2723//2
f 2723//6 2749//6 2750//6 2724//6
f 2751//5 1751//5 1752//5 2752//5
f 2753//2 1751//2 2751//2 2726//2
f 2727//4 2752//4 1752//4 2754//4
f 2755//5 2751//5 2752//5 2756//5
f 2726//2 2751//2 2755//2 2729//2
f 2730//4 2756//4 2752//4 2727//4
f 2757//5 2755//5 2756//5 2758//5
f 2729//2 2755//2 2757//2 2731//2
f 2759//5 2757//5 2758//5 2760//5
f 2731//2 2757//2 2759//2 2733//2
f 2761//5 2759//5 2760//5 2762//5
f 2733//2 2759//2 2761//2 2735//2
f 2763//5 2761//5 2762//5 2764//5
f 2735//2 2761//2 2763//2 2737//2
f 2765//5 2763//5 2764//5 2766//5
f 2737//2 2763//2 2765//2 2739//2
f 2767//5 2765//5 2766//5 2768//5
f 2739//2 2765//2 2767//2 2741//2
f 2769//5 2767//5 2768//5 2770//5
f 2741//2 2767//2 2769//2 2743//2
f 2771//5 2769//5 2770//5 2772//5
f 2743//2 2769//2 2771//2 2745//2
f 2773//5 2771//5 2772//5 2774//5
f 2745//2 2771//2 2773//2 2747//2
f 2775//5 2773//5 2774//5 2776//5
f 2747//2 2773//2 2775//2 2749//2
f 2749//6 2775//6 2776//6 2750//6
f 2777//6 2778//6 2779//6 2780//6
f 2781//3 2782//3 2783//3 2784//3
f 2778//6 2785//6 2786//6 2779//6
f 2784//3 2783//3 2787//3 2788//3
f 2785//6 2789//6 2790//6 2786//6
f 2788//3 2787//3 2791//3 2792//3
f 2789//6 2793//6 2794//6 2790//6
f 2792//3 2791//3 2795//3 2796//3
f 2793//6 2797//6 2798//6 2794//6
f 2796//3 2795//3 2799//3 2800//3
f 2797//6 2801//6 2802//6 2798//6
f 2800//3 2799//3 2803//3 2804//3
f 2801//6 2805//6 2806//6 2802//6
f 2804//3 2803//3 2807//3 2808//3
f 2805//6 2809//6 2810//6 2806//6
f 2808//3 2807//3 2811//3 2812//3
f 2809//6 2813//6 2814//6 2810//6
f 2812//3 2811//3 2815//3 2816//3
f 2817//1 2818//1 2819//1 2820//1
f 2821//5 2822//5 2823//5 2824//5
f 2817//3 2820//3 2823//3 2822//3
f 2818//1 2825//1 2826//1 2819//1
f 2827//5 2821//5 2824//5 2828//5
f 2825//1 2829//1 2830//1 2826//1
f 2831//5 2827//5 2828//5 2832//5
f 2829//1 2833//1 2834//1 2830//1
f 2835//5 2831//5 2832//5 2836//5
f 2833//1 2837//1 2838//1 2834//1
f 2839//5 2835//5 2836//5 2840//5
f 2837//1 2841//1 2842//1 2838//1
f 2843//5 2839//5 2840//5 2844//5
f 2841//1 2845//1 2846//1 2842//1
f 2847//5 2843//5 2844//5 2848//5
f 2845//1 2849//1 2850//1 2846//1
f 2851//5 2847//5 2848//5 2852//5
f 2849//1 2816//1 2815//1 2850//1
f 2853//5 2851//5 2852//5 2854//5
f 2855//5 2853//5 2854//5 2856//5
f 2813//6 2855//6 2856//6 2814//6
f 2780//6 2779//6 2857//6 2858//6
f 2782//3 2859//3 2860//3 2783//3
f 2779//6 2786//6 2861//6 2857//6
f 2783//3 2860//3 2862//3 2787//3
f 2786//6 2790//6 2863//6 2861//6
f 2787//3 2862//3 2864//3 2791//3
f 2790//6 2794//6 2865//6 2863//6
f 2791//3 2864//3 2866//3 2795//3
f 2794//6 2798//6 2867//6 2865//6
f 2795//3 2866//3 2868//3 2799//3
f 2798//6 2802//6 2869//6 2867//6
f 2799//3 2868//3 2870//3 2803//3
f 2802//6 2806//6 2871//6 2869//6
f 2803//3 2870//3 2872//3 2807//3
f 2806//6 2810//6 2873//6 2871//6
f 2807//3 2872//3 2874//3 2811//3
f 2810//6 2814//6 2875//6 2873//6
f 2811//3 2874//3 2876//3 2815//3
f 2820//1 2819//1 2877//1 2878//1
f 2824//5 2823//5 2879//5 2880//5
f 2820//3 2878//3 2879//3 2823//3
f 2819//1 2826//1 2881//1 2877//1
f 2828//5 2824//5 2880//5 2882//5
f 2826//1 2830//1 2883//1 2881//1
f 2832//5 2828//5 2882//5 2884//5
f 2830//1 2834//1 2885//1 2883//1
f 2836//5 2832//5 2884//5 2886//5
f 2834//1 2838//1 2887//1 2885//1
f 2840//5 2836//5 2886//5 2888//5
f 2838//1 2842//1 2889//1 2887//1
f 2844//5 2840//5 2888//5 2890//5
f 2842//1 2846//1 2891//1 2889//1
f 2848//5 2844//5 2890//5 2892//5
f 2846//1 2850//1 2893//1 2891//1
f 2852//5 2848//5 2892//5 2894//5
f 2850//1 2815//1 2876//1 2893//1
f 2854//5 2852//5 2894//5 2895//5
f 2856//5 2854//5 2895//5 2896//5
f 2814//6 2856//6 2896//6 2875//6
f 2858//6 2857//6 2897//6 2898//6
f 2859//3 2899//3 2900//3 2860//3
f 2857//6 2861//6 2901//6 2897//6
f 2860//3 2900//3 2902//3 2862//3
f 2861//6 2863//6 2903//6 2901//6
f 2862//3 2902//3 2904//3 2864//3
f 2863//6 2865//6 2905//6 2903//6
f 2864//3 2904//3 2906//3 2866//3
f 2865//6 2867//6 2907//6 2905//6
f 2866//3 2906//3 2908//3 2868//3
f 2867//6 2869//6 2909//6 2907//6
f 2868//3 2908//3 2910//3 2870//3
f 2869//6 2871//6 2911//6 2909//6
f 2870//3 2910//3 2912//3 2872//3
f 2871//6 2873//6 2913//6 2911//6
f 2872//3 2912//3 2914//3 2874//3
f 2873//6 2875//6 2915//6 2913//6
f 2874//3 2914//3 2916//3 2876//3
f 2878//1 2877//1 2917//1 2918//1
f 2880//5 2879//5 2919//5 2920//5
f 2878//3 2918//3 2919//3 2879//3
f 2877//1 2881//1 2921//1 2917//1
f 2882//5 2880//5 2920//5 2922//5
f 2881//1 2883//1 2923//1 2921//1
f 2884//5 2882//5 2922//5 2924//5
f 2883//1 2885//1 2925//1 2923//1
f 2886//5 2884//5 2924//5 2926//5
f 2885//1 2887//1 2927//1 2925//1
f 2888//5 2886//5 2926//5 2928//5
f 2887//1 2889//1 2929//1 2927//1
f 2890//5 2888//5 2928//5 2930//5
f 2889//1 2891//1 2931//1 2929//1
f 2892//5 2890//5 2930//5 2932//5
f 2891//1 2893//1 2933//1 2931//1
f 2894//5 2892//5 2932//5 2934//5
f 2893//1 2876//1 2916//1 2933//1
f 2895//5 2894//5 2934//5 2935//5
f 2896//5 2895//5 2935//5 2936//5
f 2875//6 2896//6 2936//6 2915//6
f 2937//4 2938//4 2939//4 2940//4
f 2898//6 2897//6 2938//6 2937//6
f 2899//3 2940//3 2939//3 2900//3
f 2938//4 2941//4 2942//4 2939//4
f 2897//6 2901//6 2941//6 2938//6
f 2900//3 2939//3 2942//3 2902//3
f 2941//4 2943//4 2944//4 2942//4
f 2901//6 2903//6 2943//6 2941//6
f 2902//3 2942//3 2944//3 2904//3
f 2943//4 2945//4 2946//4 2944//4
f 2903//6 2905//6 2945//6 2943//6
f 2904//3 2944//3 2946//3 2906//3
f 2945//4 2947//4 2948//4 2946//4
f 2905//6 2907//6 2947//6 2945//6
f 2906//3 2946//3 2948//3 2908//3
f 2907//6 2909//6 2949//6 2947//6
f 2908//3 2948//3 2950//3 2910//3
f 2909//6 2911//6 2951//6 2949//6
f 2910//3 2950//3 2952//3 2912//3
f 2911//6 2913//6 2953//6 2951//6
f 2912//3 2952//3 2954//3 2914//3
f 2913//6 2915//6 2955//6 2953//6
f 2914//3 2954//3 2956//3 2916//3
f 2918//1 2917//1 2957//1 2958//1
f 2920//5 2919//5 2959//5 2960//5
f 2918//3 2958//3 2959//3 2919//3
f 2917//1 2921//1 2961//1 2957//1
f 2922//5 2920//5 2960//5 2962//5
f 2921//1 2923//1 2963//1 2961//1
f 2924//5 2922//5 2962//5 2964//5
f 2923//1 2925//1 2965//1 2963//1
f 2926//5 2924//5 2964//5 2966//5
f 2925//1 2927//1 2967//1 2965//1
f 2928//5 2926//5 2966//5 2968//5
f 2927//1 2929//1 2969//1 2967//1
f 2930//5 2928//5 2968//5 2970//5
f 2929//1 2931//1 2971//1 2969//1
f 2932//5 2930//5 2970//5 2972//5
f 2931//1 2933//1 2973//1 2971//1
f 2934//5 2932//5 2972//5 2974//5
f 2933//1 2916//1 2956//1 2973//1
f 2935//5 2934//5 2974//5 2975//5
f 2936//5 2935//5 2975//5 2976//5
f 2915//6 2936//6 2976//6 2955//6
f 2948//1 2947//1 2977//1 2978//1
f 2947//6 2949//6 2979//6 2977//6
f 2948//3 2978//3 2980//3 2950//3
f 2949//6 2951//6 2981//6 2979//6
f 2950//3 2980//3 2982//3 2952//3
f 2951//6 2953//6 2983//6 2981//6
f 2952//3 2982//3 2984//3 2954//3
f 2953//6 2955//6 2985//6 2983//6
f 2954//3 2984//3 2986//3 2956//3
f 2958//1 2957//1 2987//1 2988//1
f 2960//5 2959//5 2989//5 2990//5
f 2958//3 2988//3 2989//3 2959//3
f 2957//1 2961//1 2991//1 2987//1
f 2962//5 2960//5 2990//5 2992//5
f 2961//1 2963//1 2993//1 2991//1
f 2964//5 2962//5 2992//5 2994//5
f 2963//1 2965//1 2995//1 2993//1
f 2966//5 2964//5 2994//5 2996//5
f 2965//1 2967//1 2997//1 2995//1
f 2968//5 2966//5 2996//5 2998//5
f 2967//1 2969//1 2999//1 2997//1
f 2970//5 2968//5 2998//5 3000//5
f 2969//1 2971//1 3001//1 2999//1
f 2972//5 2970//5 3000//5 3002//5
f 2971//1 2973//1 3003//1 3001//1
f 2974//5 2972//5 3002//5 3004//5
f 2973//1 2956//1 2986//1 3003//1
f 2975//5 2974//5 3004//5 3005//5
f 2976//5 2975//5 3005//5 3006//5
f 2955//6 2976//6 3006//6 2985//6
f 2978//1 2977//1 3007//1 3008//1
f 2977//6 2979//6 3009//6 3007//6
f 2978//3 3008//3 3010//3 2980//3
f 2979//6 2981//6 3011//6 3009//6
f 2980//3 3010//3 3012//3 2982//3
f 2981//6 2983//6 3013//6 3011//6
f 2982//3 3012//3 3014//3 2984//3
f 2983//6 2985//6 3015//6 3013//6
f 2984//3 3014//3 3016//3 2986//3
f 2988//1 2987//1 3017//1 3018//1
f 2990//5 2989//5 3019//5 3020//5
f 2988//3 3018//3 3019//3 2989//3
f 2987//1 2991//1 3021//1 3017//1
f 2992//5 2990//5 3020//5 3022//5
f 2991//1 2993//1 3023//1 3021//1
f 2994//5 2992//5 3022//5 3024//5
f 2993//1 2995//1 3025//1 3023//1
f 2996//5 2994//5 3024//5 3026//5
f 2995//1 2997//1 3027//1 3025//1
f 2998//5 2996//5 3026//5 3028//5
f 2997//1 2999//1 3029//1 3027//1
f 3000//5 2998//5 3028//5 3030//5
f 2999//1 3001//1 3031//1 3029//1
f 3002//5 3000//5 3030//5 3032//5
f 3001//1 3003//1 3033//1 3031//1
f 3004//5 3002//5 3032//5 3034//5
f 3003//1 2986//1 3016//1 3033//1
f 3005//5 3004//5 3034//5 3035//5
f 3006//5 3005//5 3035//5 3036//5
f 2985//6 3006//6 3036//6 3015//6
f 3008//1 3007//1 3037//1 3038//1
f 3007//6 3009//6 3039//6 3037//6
f 3008//3 3038//3 3040//3 3010//3
f 3009//6 3011//6 3041//6 3039//6
f 3010//3 3040//3 3042//3 3012//3
f 3011//6 3013//6 3043//6 3041//6
f 3012//3 3042//3 3044//3 3014//3
f 3013//6 3015//6 3045//6 3043//6
f 3014//3 3044//3 3046//3 3016//3
f 3018//1 3017//1 3047//1 3048//1
f 3020//5 3019//5 3049//5 3050//5
f 3018//3 3048//3 3049//3 3019//3
f 3017//1 3021//1 3051//1 3047//1
f 3022//5 3020//5 3050//5 3052//5
f 3021//1 3023//1 3053//1 3051//1
f 3024//5 3022//5 3052//5 3054//5
f 3023//1 3025//1 3055//1 3053//1
f 3026//5 3024//5 3054//5 3056//5
f 3025//1 3027//1 3057//1 3055//1
f 3028//5 3026//5 3056//5 3058//5
f 3027//1 3029//1 3059//1 3057//1
f 3030//5 3028//5 3058//5 3060//5
f 3029//1 3031//1 3061//1 3059//1
f 3032//5 3030//5 3060//5 3062//5
f 3031//1 3033//1 3063//1 3061//1
f 3034//5 3032//5 3062//5 3064//5
f 3033//1 3016//1 3046//1 3063//1
f 3035//5 3034//5 3064//5 3065//5
f 3036//5 3035//5 3065//5 3066//5
f 3015//6 3036//6 3066//6 3045//6
f 3067//2 3068//2 3069//2 3070//2
f 3070//6 3069//6 3071//6 3072//6
f 3067//3 3073//3 3074//3 3068//3
f 3068//2 3075//2 3076//2 3069//2
f 3069//6 3076//6 3077//6 3071//6
f 3068//3 3074//3 3078//3 3075//3
f 3075//2 3079//2 3080//2 3076//2
f 3076//6 3080//6 3081//6 3077//6
f 3075//3 3078//3 3082//3 3079//3
f 3079//2 3083//2 3084//2 3080//2
f 3080//6 3084//6 3085//6 3081//6
f 3079//3 3082//3 3086//3 3083//3
f 3083//2 3038//2 3037//2 3084//2
f 3084//6 3037//6 3087//6 3085//6
f 3083//3 3086//3 3088//3 3038//3
f 3037//6 3039//6 3089//6 3087//6
f 3038//3 3088//3 3090//3 3040//3
f 3039//6 3041//6 3091//6 3089//6
f 3040//3 3090//3 3092//3 3042//3
f 3041//6 3043//6 3093//6 3091//6
f 3042//3 3092//3 3094//3 3044//3
f 3043//6 3045//6 3095//6 3093//6
f 3044//3 3094//3 3096//3 3046//3
f 2117//1 3097//1 3098//1 2118//1
f 3099//5 2119//5 2120//5 3100//5
f 2117//2 2119//2 3099//2 3097//2
f 3097//1 3048//1 3101//1 3098//1
f 3049//5 3099//5 3100//5 3102//5
f 3097//2 3099//2 3049//2 3048//2
f 3048//1 3047//1 3103//1 3101//1
f 3050//5 3049//5 3102//5 3104//5
f 3047//1 3051//1 3105//1 3103//1
f 3052//5 3050//5 3104//5 3106//5
f 3051//1 3053//1 3107//1 3105//1
f 3054//5 3052//5 3106//5 3108//5
f 3053//1 3055//1 3109//1 3107//1
f 3056//5 3054//5 3108//5 3110//5
f 3055//1 3057//1 3111//1 3109//1
f 3058//5 3056//5 3110//5 3112//5
f 3057//1 3059//1 3113//1 3111//1
f 3060//5 3058//5 3112//5 3114//5
f 3059//1 3061//1 3115//1 3113//1
f 3062//5 3060//5 3114//5 3116//5
f 3061//1 3063//1 3117//1 3115//1
f 3064//5 3062//5 3116//5 3118//5
f 3063//1 3046//1 3096//1 3117//1
f 3065//5 3064//5 3118//5 3119//5
f 3066//5 3065//5 3119//5 3120//5
f 3045//6 3066//6 3120//6 3095//6
f 3072//6 3071//6 3121//6 3122//6
f 3073//3 3123//3 3124//3 3074//3
f 3071//6 3077//6 3125//6 3121//6
f 3074//3 3124//3 3126//3 3078//3
f 3077//6 3081//6 3127//6 3125//6
f 3078//3 3126//3 3128//3 3082//3
f 3081//6 3085//6 3129//6 3127//6
f 3082//3 3128//3 3130//3 3086//3
f 3085//6 3087//6 3131//6 3129//6
f 3086//3 3130//3 3132//3 3088//3
f 3087//6 3089//6 3133//6 3131//6
f 3088//3 3132//3 3134//3 3090//3
f 3089//6 3091//6 3135//6 3133//6
f 3090//3 3134//3 3136//3 3092//3
f 3091//6 3093//6 3137//6 3135//6
f 3092//3 3136//3 3138//3 3094//3
f 3093//6 3095//6 3139//6 3137//6
f 3094//3 3138//3 3140//3 3096//3
f 2118//1 3098//1 3141//1 2163//1
f 3100//5 2120//5 2164//5 3142//5
f 3098//1 3101//1 3143//1 3141//1
f 3102//5 3100//5 3142//5 3144//5
f 3101//1 3103//1 3145//1 3143//1
f 3104//5 3102//5 3144//5 3146//5
f 3103//1 3105//1 3147//1 3145//1
f 3106//5 3104//5 3146//5 3148//5
f 3105//1 3107//1 3149//1 3147//1
f 3108//5 3106//5 3148//5 3150//5
f 3107//1 3109//1 3151//1 3149//1
f 3110//5 3108//5 3150//5 3152//5
f 3109//1 3111//1 3153//1 3151//1
f 3112//5 3110//5 3152//5 3154//5
f 3111//1 3113//1 3155//1 3153//1
f 3114//5 3112//5 3154//5 3156//5
f 3113//1 3115//1 3157//1 3155//1
f 3116//5 3114//5 3156//5 3158//5
f 3115//1 3117//1 3159//1 3157//1
f 3118//5 3116//5 3158//5 3160//5
f 3117//1 3096//1 3140//1 3159//1
f 3119//5 3118//5 3160//5 3161//5
f 3120//5 3119//5 3161//5 3162//5
f 3095//6 3120//6 3162//6 3139//6
f 3122//6 3121//6 3163//6 3164//6
f 3123//3 3165//3 3166//3 3124//3
f 3121//6 3125//6 3167//6 3163//6
f 3124//3 3166//3 3168//3 3126//3
f 3125//6 3127//6 3169//6 3167//6
f 3126//3 3168//3 3170//3 3128//3
f 3127//6 3129//6 3171//6 3169//6
f 3128//3 3170//3 3172//3 3130//3
f 3129//6 3131//6 3173//6 3171//6
f 3130//3 3172//3 3174//3 3132//3
f 3131//6 3133//6 3175//6 3173//6
f 3132//3 3174//3 3176//3 3134//3
f 3133//6 3135//6 3177//6 3175//6
f 3134//3 3176//3 3178//3 3136//3
f 3135//6 3137//6 3179//6 3177//6
f 3136//3 3178//3 3180//3 3138//3
f 3137//6 3139//6 3181//6 3179//6
f 3138//3 3180//3 3182//3 3140//3
f 2163//1 3141//1 3183//1 2207//1
f 3142//5 2164//5 2208//5 3184//5
f 3141//1 3143//1 3185//1 3183//1
f 3144//5 3142//5 3184//5 3186//5
f 3143//1 3145//1 3187//1 3185//1
f 3146//5 3144//5 3186//5 3188//5
f 3145//1 3147//1 3189//1 3187//1
f 3148//5 3146//5 3188//5 3190//5
f 3147//1 3149//1 3191//1 3189//1
f 3150//5 3148//5 3190//5 3192//5
f 3149//1 3151//1 3193//1 3191//1
f 3152//5 3150//5 3192//5 3194//5
f 3151//1 3153//1 3195//1 3193//1
f 3154//5 3152//5 3194//5 3196//5
f 3153//1 3155//1 3197//1 3195//1
f 3156//5 3154//5 3196//5 3198//5
f 3155//1 3157//1 3199//1 3197//1
f 3158//5 3156//5 3198//5 3200//5
f 3157//1 3159//1 3201//1 3199//1
f 3160//5 3158//5 3200//5 3202//5
f 3159//1 3140//1 3182//1 3201//1
f 3161//5 3160//5 3202//5 3203//5
f 3162//5 3161//5 3203//5 3204//5
f 3139//6 3162//6 3204//6 3181//6
f 2258//2 2257//2 3205//2 3206//2
f 3207//4 3208//4 2260//4 2259//4
f 3206//2 3205//2 3209//2 3210//2
f 3211//4 3212//4 3208//4 3207//4
f 3210//2 3209//2 3213//2 3214//2
f 3215//4 3216//4 3212//4 3211//4
f 3214//2 3213//2 3217//2 3218//2
f 3219//4 3220//4 3216//4 3215//4
f 3218//2 3217//2 3221//2 3222//2
f 3223//4 3224//4 3220//4 3219//4
f 3222//2 3221//2 3225//2 3226//2
f 3227//4 3228//4 3224//4 3223//4
f 3226//2 3225//2 3229//2 3230//2
f 3231//4 3232//4 3228//4 3227//4
f 3230//2 3229//2 3233//2 3234//2
f 3235//4 3236//4 3232//4 3231//4
f 3234//2 3233//2 3237//2 3238//2
f 3239//4 3240//4 3236//4 3235//4
f 3238//2 3237//2 3241//2 3242//2
f 3243//4 3244//4 3240//4 3239//4
f 3242//2 3241//2 3245//2 3246//2
f 3247//4 3248//4 3244//4 3243//4
f 3249//4 3250//4 3248//4 3247//4
f 3251//6 3252//6 3250//6 3249//6
f 2257//2 2285//2 3253//2 3205//2
f 3208//4 3254//4 2286//4 2260//4
f 3205//2 3253//2 3255//2 3209//2
f 3212//4 3256//4 3254//4 3208//4
f 3209//2 3255//2 3257//2 3213//2
f 3216//4 3258//4 3256//4 3212//4
f 3213//2 3257//2 3259//2 3217//2
f 3220//4 3260//4 3258//4 3216//4
f 3217//2 3259//2 3261//2 3221//2
f 3224//4 3262//4 3260//4 3220//4
f 3221//2 3261//2 3263//2 3225//2
f 3228//4 3264//4 3262//4 3224//4
f 3225//2 3263//2 3265//2 3229//2
f 3232//4 3266//4 3264//4 3228//4
f 3229//2 3265//2 3267//2 3233//2
f 3236//4 3268//4 3266//4 3232//4
f 3233//2 3267//2 3269//2 3237//2
f 3240//4 3270//4 3268//4 3236//4
f 3237//2 3269//2 3271//2 3241//2
f 3244//4 3272//4 3270//4 3240//4
f 3241//2 3271//2 3273//2 3245//2
f 3248//4 3274//4 3272//4 3244//4
f 3250//4 3275//4 3274//4 3248//4
f 3252//6 3276//6 3275//6 3250//6
f 2285//2 2311//2 3277//2 3253//2
f 3254//4 3278//4 2312//4 2286//4
f 3253//2 3277//2 3279//2 3255//2
f 3256//4 3280//4 3278//4 3254//4
f 3255//2 3279//2 3281//2 3257//2
f 3258//4 3282//4 3280//4 3256//4
f 3257//2 3281//2 3283//2 3259//2
f 3260//4 3284//4 3282//4 3258//4
f 3259//2 3283//2 3285//2 3261//2
f 3262//4 3286//4 3284//4 3260//4
f 3261//2 3285//2 3287//2 3263//2
f 3264//4 3288//4 3286//4 3262//4
f 3263//2 3287//2 3289//2 3265//2
f 3266//4 3290//4 3288//4 3264//4
f 3265//2 3289//2 3291//2 3267//2
f 3268//4 3292//4 3290//4 3266//4
f 3267//2 3291//2 3293//2 3269//2
f 3270//4 3294//4 3292//4 3268//4
f 3269//2 3293//2 3295//2 3271//2
f 3272//4 3296//4 3294//4 3270//4
f 3271//2 3295//2 3297//2 3273//2
f 3274//4 3298//4 3296//4 3272//4
f 3275//4 3299//4 3298//4 3274//4
f 3276//6 3300//6 3299//6 3275//6
f 2311//2 2337//2 3301//2 3277//2
f 3278//4 3302//4 2338//4 2312//4
f 3277//2 3301//2 3303//2 3279//2
f 3280//4 3304//4 3302//4 3278//4
f 3279//2 3303//2 3305//2 3281//2
f 3282//4 3306//4 3304//4 3280//4
f 3281//2 3305//2 3307//2 3283//2
f 3284//4 3308//4 3306//4 3282//4
f 3283//2 3307//2 3309//2 3285//2
f 3286//4 3310//4 3308//4 3284//4
f 3285//2 3309//2 3311//2 3287//2
f 3288//4 3312//4 3310//4 3286//4
f 3287//2 3311//2 3313//2 3289//2
f 3290//4 3314//4 3312//4 3288//4
f 3289//2 3313//2 3315//2 3291//2
f 3292//4 3316//4 3314//4 3290//4
f 3291//2 3315//2 3317//2 3293//2
f 3294//4 3318//4 3316//4 3292//4
f 3293//2 3317//2 3319//2 3295//2
f 3296//4 3320//4 3318//4 3294//4
f 3295//2 3319//2 3321//2 3297//2
f 3298//4 3322//4 3320//4 3296//4
f 3299//4 3323//4 3322//4 3298//4
f 3300//6 3324//6 3323//6 3299//6
f 2337//2 2363//2 3325//2 3301//2
f 3302//4 3326//4 2364//4 2338//4
f 3301//2 3325//2 3327//2 3303//2
f 3304//4 3328//4 3326//4 3302//4
f 3303//2 3327//2 3329//2 3305//2
f 3306//4 3330//4 3328//4 3304//4
f 3305//2 3329//2 3331//2 3307//2
f 3308//4 3332//4 3330//4 3306//4
f 3307//2 3331//2 3333//2 3309//2
f 3310//4 3334//4 3332//4 3308//4
f 3309//2 3333//2 3335//2 3311//2
f 3312//4 3336//4 3334//4 3310//4
f 3311//2 3335//2 3337//2 3313//2
f 3314//4 3338//4 3336//4 3312//4
f 3313//2 3337//2 3339//2 3315//2
f 3316//4 3340//4 3338//4 3314//4
f 3315//2 3339//2 3341//2 3317//2
f 3318//4 3342//4 3340//4 3316//4
f 3317//2 3341//2 3343//2 3319//2
f 3320//4 3344//4 3342//4 3318//4
f 3319//2 3343//2 3345//2 3321//2
f 3322//4 3346//4 3344//4 3320//4
f 3323//4 3347//4 3346//4 3322//4
f 3324//6 3348//6 3347//6 3323//6
f 2363//2 2389//2 3349//2 3325//2
f 3326//4 3350//4 2390//4 2364//4
f 3325//2 3349//2 3351//2 3327//2
f 3328//4 3352//4 3350//4 3326//4
f 3327//2 3351//2 3353//2 3329//2
f 3330//4 3354//4 3352//4 3328//4
f 3329//2 3353//2 3355//2 3331//2
f 3332//4 3356//4 3354//4 3330//4
f 3331//2 3355//2 3357//2 3333//2
f 3334//4 3358//4 3356//4 3332//4
f 3333//2 3357//2 3359//2 3335//2
f 3336//4 3360//4 3358//4 3334//4
f 3335//2 3359//2 3361//2 3337//2
f 3338//4 3362//4 3360//4 3336//4
f 3337//2 3361//2 3363//2 3339//2
f 3340//4 3364//4 3362//4 3338//4
f 3339//2 3363//2 3365//2 3341//2
f 3342//4 3366//4 3364//4 3340//4
f 3341//2 3365//2 3367//2 3343//2
f 3344//4 3368//4 3366//4 3342//4
f 3343//2 3367//2 3369//2 3345//2
f 3346//4 3370//4 3368//4 3344//4
f 3347//4 3371//4 3370//4 3346//4
f 3348//6 3372//6 3371//6 3347//6
f 2389//2 2415//2 3373//2 3349//2
f 3350//4 3374//4 2416//4 2390//4
f 3349//2 3373//2 3375//2 3351//2
f 3352//4 3376//4 3374//4 3350//4
f 3351//2 3375//2 3377//2 3353//2
f 3354//4 3378//4 3376//4 3352//4
f 3353//2 3377//2 3379//2 3355//2
f 3356//4 3380//4 3378//4 3354//4
f 3355//2 3379//2 3381//2 3357//2
f 3358//4 3382//4 3380//4 3356//4
f 3357//2 3381//2 3383//2 3359//2
f 3360//4 3384//4 3382//4 3358//4
f 3359//2 3383//2 3385//2 3361//2
f 3362//4 3386//4 3384//4 3360//4
f 3361//2 3385//2 3387//2 3363//2
f 3364//4 3388//4 3386//4 3362//4
f 3363//2 3387//2 3389//2 3365//2
f 3366//4 3390//4 3388//4 3364//4
f 3365//2 3389//2 3391//2 3367//2
f 3368//4 3392//4 3390//4 3366//4
f 3367//2 3391//2 3393//2 3369//2
f 3370//4 3394//4 3392//4 3368//4
f 3371//4 3395//4 3394//4 3370//4
f 3372//6 3396//6 3395//6 3371//6
f 2415//2 2441//2 3397//2 3373//2
f 3374//4 3398//4 2442//4 2416//4
f 3373//2 3397//2 3399//2 3375//2
f 3376//4 3400//4 3398//4 3374//4
f 3375//2 3399//2 3401//2 3377//2
f 3378//4 3402//4 3400//4 3376//4
f 3377//2 3401//2 3403//2 3379//2
f 3380//4 3404//4 3402//4 3378//4
f 3379//2 3403//2 3405//2 3381//2
f 3382//4 3406//4 3404//4 3380//4
f 3381//2 3405//2 3407//2 3383//2
f 3384//4 3408//4 3406//4 3382//4
f 3383//2 3407//2 3409//2 3385//2
f 3386//4 3410//4 3408//4 3384//4
f 3385//2 3409//2 3411//2 3387//2
f 3388//4 3412//4 3410//4 3386//4
f 3387//2 3411//2 3413//2 3389//2
f 3390//4 3414//4 3412//4 3388//4
f 3389//2 3413//2 3415//2 3391//2
f 3392//4 3416//4 3414//4 3390//4
f 3391//2 3415//2 3417//2 3393//2
f 3394//4 3418//4 3416//4 3392//4
f 3395//4 3419//4 3418//4 3394//4
f 3396//6 3420//6 3419//6 3395//6
f 2441//2 2467//2 3421//2 3397//2
f 3398//4 3422//4 2468//4 2442//4
f 3397//2 3421//2 3423//2 3399//2
f 3400//4 3424//4 3422//4 3398//4
f 3399//2 3423//2 3425//2 3401//2
f 3402//4 3426//4 3424//4 3400//4
f 3401//2 3425//2 3427//2 3403//2
f 3404//4 3428//4 3426//4 3402//4
f 3403//2 3427//2 3429//2 3405//2
f 3406//4 3430//4 3428//4 3404//4
f 3405//2 3429//2 3431//2 3407//2
f 3408//4 3432//4 3430//4 3406//4
f 3407//2 3431//2 3433//2 3409//2
f 3410//4 3434//4 3432//4 3408//4
f 3409//2 3433//2 3435//2 3411//2
f 3412//4 3436//4 3434//4 3410//4
f 3411//2 3435//2 3437//2 3413//2
f 3414//4 3438//4 3436//4 3412//4
f 3413//2 3437//2 3439//2 3415//2
f 3416//4 3440//4 3438//4 3414//4
f 3415//2 3439//2 3441//2 3417//2
f 3418//4 3442//4 3440//4 3416//4
f 3419//4 3443//4 3442//4 3418//4
f 3420//6 3444//6 3443//6 3419//6
f 3445//5 2493//5 2494//5 3446//5
f 3422//4 3446//4 2494//4 2468//4
f 3447//5 3445//5 3446//5 3448//5
f 3424//4 3448//4 3446//4 3422//4
f 3449//5 3447//5 3448//5 3450//5
f 3426//4 3450//4 3448//4 3424//4
f 3451//5 3449//5 3450//5 3452//5
f 3428//4 3452//4 3450//4 3426//4
f 3453//5 3451//5 3452//5 3454//5
f 3430//4 3454//4 3452//4 3428//4
f 3455//5 3453//5 3454//5 3456//5
f 3432//4 3456//4 3454//4 3430//4
f 3457//5 3455//5 3456//5 3458//5
f 3434//4 3458//4 3456//4 3432//4
f 3459//5 3457//5 3458//5 3460//5
f 3436//4 3460//4 3458//4 3434//4
f 3461//5 3459//5 3460//5 3462//5
f 3438//4 3462//4 3460//4 3436//4
f 3463//5 3461//5 3462//5 3464//5
f 3440//4 3464//4 3462//4 3438//4
f 3465//5 3463//5 3464//5 3466//5
f 3442//4 3466//4 3464//4 3440//4
f 3467//5 3465//5 3466//5 3468//5
f 3443//4 3468//4 3466//4 3442//4
f 3444//6 3467//6 3468//6 3443//6
